order_id,user_id,session_id,order_amount,category,order_timestamp
O00000001,U0074716,S00000018,"? 2,796",fashion,28-03-2023 12:46
O00000002,U0091228,S00000022,"? 3,062",home_decor,16-07-2023 20:28
O00000003,U0091228,S00000038,"? 3,434",fashion,01-09-2023 20:30
O00000004,U0091228,S00000065,"? 2,727",electronics,23-11-2023 00:37
O00000005,U0091228,S00000067,"? 3,586",fashion,16-02-2023 17:57
O00000006,U0091228,S00000068,? 796,electronics,29-05-2024 23:32
O00000007,U0063655,S00000088,"? 2,106",grocery,01-07-2023 04:43
O00000008,U0091228,S00000091,"? 1,773",home_decor,11-05-2023 21:52
O00000009,U0091228,S00000095,"? 4,405",fashion,26-11-2023 02:01
O00000010,U0091228,S00000103,"? 2,730",grocery,08-08-2023 06:01
O00000011,U0091228,S00000130,"? 1,995",grocery,17-06-2024 20:58
O00000012,U0091228,S00000134,"? 4,503",electronics,24-01-2023 08:43
O00000013,U0091228,S00000149,"? 2,163",toys,06-02-2024 04:24
O00000014,U0091228,S00000215,"? 1,539",electronics,08-09-2023 00:29
O00000015,U0091228,S00000240,"? 2,166",electronics,24-05-2024 22:39
O00000016,U0091228,S00000262,"? 1,642",grocery,13-03-2024 10:28
O00000017,U0091228,S00000272,"? 2,308",grocery,20-02-2024 06:04
O00000018,U0091228,S00000320,"? 1,024",fashion,06-06-2023 19:43
O00000019,U0091228,S00000323,"? 3,511",electronics,16-06-2024 22:55
O00000020,U0091228,S00000398,"? 1,239",fashion,04-01-2023 19:10
O00000021,U0091228,S00000405,"? 3,490",fashion,27-12-2023 17:44
O00000022,U0091228,S00000417,"? 3,183",fashion,27-07-2023 17:55
O00000023,U0091228,S00000418,"? 3,220",electronics,02-01-2024 01:09
O00000024,U0007700,S00000440,"? 1,171",fashion,16-02-2024 03:02
O00000025,U0091228,S00000458,"? 2,310",electronics,04-02-2023 17:18
O00000026,U0091228,S00000468,"? 1,855",grocery,19-09-2023 07:48
O00000027,U0091228,S00000472,"? 1,430",electronics,25-01-2024 20:40
O00000028,U0091228,S00000496,"? 1,804",beauty,17-11-2023 19:29
O00000029,U0085469,S00000499,"? 4,043",electronics,31-12-2023 12:18
O00000030,U0026226,S00000523,"? 3,079",grocery,19-01-2023 11:26
O00000031,U0091228,S00000544,"? 3,939",fashion,12-01-2024 08:41
O00000032,U0091228,S00000570,"? 3,647",toys,15-03-2023 14:09
O00000033,U0091228,S00000580,"? 1,602",fashion,05-05-2024 18:23
O00000034,U0091228,S00000597,"? 2,175",electronics,22-05-2024 19:51
O00000035,U0091228,S00000615,"? 2,132",electronics,07-04-2024 03:26
O00000036,U0091228,S00000624,"? 1,491",fashion,31-07-2023 01:42
O00000037,U0091228,S00000626,"? 1,576",home_decor,29-05-2023 19:04
O00000038,U0091228,S00000640,"? 1,564",grocery,23-02-2023 23:21
O00000039,U0091228,S00000644,"? 3,199",electronics,03-09-2023 02:41
O00000040,U0091228,S00000664,"? 2,697",books,13-10-2023 02:23
O00000041,U0091228,S00000668,"? 2,625",fashion,07-02-2023 15:34
O00000042,U0091228,S00000678,"? 3,347",fashion,18-06-2024 07:41
O00000043,U0091228,S00000701,? 808,fashion,03-03-2023 18:06
O00000044,U0091228,S00000704,"? 1,476",electronics,21-02-2023 12:37
O00000045,U0091228,S00000707,? 806,electronics,06-03-2024 12:39
O00000046,U0091228,S00000724,"? 2,302",fashion,28-06-2024 08:00
O00000047,U0091228,S00000742,"? 1,624",electronics,11-01-2024 05:34
O00000048,U0003969,S00000768,"? 3,620",electronics,10-09-2023 11:00
O00000049,U0091228,S00000772,"? 1,701",fashion,17-03-2024 01:40
O00000050,U0039168,S00000842,"? 1,175",fashion,27-06-2024 13:28
O00000051,U0091228,S00000856,"? 2,241",grocery,31-03-2023 18:50
O00000052,U0091228,S00000869,"? 4,000",electronics,10-06-2024 11:50
O00000053,U0091228,S00000889,"? 1,492",electronics,19-02-2023 23:47
O00000054,U0085469,S00000896,"? 1,728",toys,01-06-2024 08:00
O00000055,U0091228,S00000930,"? 2,481",fashion,11-02-2023 17:15
O00000056,U0091228,S00000941,"? 3,262",fashion,12-12-2023 01:49
O00000057,U0091228,S00000951,"? 2,565",beauty,09-12-2023 19:12
O00000058,U0091228,S00000979,"? 4,229",beauty,13-04-2024 04:40
O00000059,U0091228,S00000995,"? 3,442",fashion,12-02-2023 22:38
O00000060,U0091228,S00001001,"? 4,034",electronics,25-05-2024 06:08
O00000061,U0091228,S00001019,"? 4,557",sports,27-04-2023 19:51
O00000062,U0091228,S00001044,"? 4,694",fashion,10-08-2023 12:08
O00000063,U0091228,S00001050,"? 3,888",fashion,02-01-2024 10:15
O00000064,U0091228,S00001068,"? 2,564",fashion,26-03-2023 20:58
O00000065,U0091228,S00001139,"? 1,428",electronics,16-06-2023 21:50
O00000066,U0091228,S00001146,"? 1,091",fashion,25-06-2023 18:41
O00000067,U0091228,S00001170,"? 1,156",electronics,01-08-2023 21:58
O00000068,U0091228,S00001174,"? 4,383",grocery,16-02-2023 19:18
O00000069,U0091228,S00001226,"? 2,725",sports,09-03-2023 03:21
O00000070,U0083154,S00001239,"? 3,178",fashion,12-02-2024 15:17
O00000071,U0091228,S00001246,"? 2,493",toys,12-03-2024 20:50
O00000072,U0091228,S00001280,"? 4,343",grocery,12-10-2023 13:46
O00000073,U0085469,S00001295,? 935,electronics,19-07-2023 22:51
O00000074,U0091228,S00001320,"? 1,022",beauty,06-09-2023 05:24
O00000075,U0091228,S00001322,"? 2,843",fashion,07-01-2024 16:48
O00000076,U0091228,S00001362,"? 1,625",electronics,25-06-2024 20:12
O00000077,U0091228,S00001372,"? 4,008",sports,20-08-2023 15:33
O00000078,U0091228,S00001380,"? 1,276",grocery,02-03-2024 09:20
O00000079,U0091228,S00001394,? 711,books,12-03-2023 15:26
O00000080,U0091228,S00001400,"? 1,599",electronics,06-01-2023 15:03
O00000081,U0091228,S00001405,? 515,beauty,16-09-2023 13:06
O00000082,U0091228,S00001428,"? 2,256",fashion,01-01-2024 20:28
O00000083,U0091228,S00001452,"? 1,277",sports,21-06-2023 15:11
O00000084,U0091228,S00001456,"? 1,434",electronics,15-11-2023 11:56
O00000085,U0091228,S00001459,"? 3,058",beauty,07-06-2023 08:25
O00000086,U0091228,S00001474,"? 1,293",electronics,03-01-2023 07:41
O00000087,U0091228,S00001494,"? 3,268",fashion,22-06-2023 15:39
O00000088,U0091228,S00001509,"? 2,539",books,06-03-2023 03:30
O00000089,U0083154,S00001516,"? 2,037",grocery,11-02-2024 21:19
O00000090,U0091228,S00001559,"? 2,501",home_decor,05-02-2024 03:19
O00000091,U0091228,S00001563,"? 4,602",fashion,29-07-2023 02:19
O00000092,U0091228,S00001611,"? 2,041",books,17-04-2024 08:39
O00000093,U0091228,S00001612,"? 2,520",home_decor,21-06-2024 08:39
O00000094,U0091228,S00001614,"? 3,013",beauty,17-02-2023 12:57
O00000095,U0091228,S00001624,"? 2,013",electronics,04-02-2024 17:14
O00000096,U0091228,S00001659,"? 1,976",fashion,14-05-2023 06:50
O00000097,U0091228,S00001682,"? 3,830",beauty,26-12-2023 10:26
O00000098,U0091228,S00001683,"? 2,179",grocery,10-02-2023 16:22
O00000099,U0091228,S00001711,"? 1,610",fashion,04-12-2023 11:48
O00000100,U0091228,S00001716,"? 2,529",home_decor,07-12-2023 21:51
O00000101,U0091228,S00001767,"? 2,004",toys,14-01-2024 09:54
O00000102,U0091228,S00001768,"? 4,404",grocery,26-03-2023 09:04
O00000103,U0091228,S00001792,"? 1,013",toys,05-10-2023 01:56
O00000104,U0091228,S00001816,"? 1,942",fashion,06-01-2024 20:33
O00000105,U0091228,S00001830,"? 2,638",electronics,20-12-2023 13:32
O00000106,U0091228,S00001838,"? 2,523",grocery,21-10-2023 21:51
O00000107,U0091228,S00001839,? 728,electronics,15-01-2023 21:58
O00000108,U0091228,S00001843,"? 1,491",books,26-10-2023 16:07
O00000109,U0091228,S00001846,"? 1,371",electronics,13-12-2023 21:06
O00000110,U0091228,S00001853,? 969,grocery,02-12-2023 13:41
O00000111,U0091228,S00001860,? 846,grocery,29-01-2024 12:09
O00000112,U0091228,S00001879,"? 1,037",electronics,05-12-2023 09:31
O00000113,U0091228,S00001909,"? 1,895",beauty,29-11-2023 00:02
O00000114,U0091228,S00001919,"? 1,760",fashion,29-10-2023 02:58
O00000115,U0091228,S00001949,"? 2,697",beauty,04-07-2023 20:12
O00000116,U0091228,S00001950,"? 3,042",fashion,15-02-2023 17:24
O00000117,U0085469,S00001953,"? 1,207",electronics,11-01-2023 18:59
O00000118,U0091228,S00001984,"? 3,114",beauty,17-07-2023 21:52
O00000119,U0091228,S00001999,"? 1,938",grocery,19-04-2024 00:31
O00000120,U0091228,S00002007,"? 1,126",electronics,18-08-2023 11:21
O00000121,U0091228,S00002017,"? 3,678",fashion,06-09-2023 20:15
O00000122,U0091228,S00002018,"? 2,067",beauty,26-04-2023 12:44
O00000123,U0091228,S00002029,"? 2,014",sports,15-06-2024 13:16
O00000124,U0091228,S00002064,"? 1,996",toys,01-09-2023 08:18
O00000125,U0091228,S00002079,"? 3,215",toys,13-06-2024 08:48
O00000126,U0091228,S00002095,"? 2,654",fashion,02-02-2024 20:01
O00000127,U0091228,S00002112,"? 1,236",books,24-04-2024 07:02
O00000128,U0091228,S00002139,"? 1,429",electronics,16-12-2023 06:00
O00000129,U0091228,S00002150,"? 4,693",toys,01-12-2023 09:44
O00000130,U0091228,S00002158,"? 4,568",toys,02-11-2023 11:19
O00000131,U0091228,S00002161,"? 1,424",electronics,04-07-2023 20:27
O00000132,U0091228,S00002195,"? 1,154",home_decor,07-08-2023 08:27
O00000133,U0091228,S00002217,"? 4,144",fashion,21-07-2023 19:46
O00000134,U0091228,S00002229,"? 1,514",books,05-11-2023 05:11
O00000135,U0091228,S00002253,"? 3,402",fashion,27-06-2024 14:11
O00000136,U0091228,S00002262,"? 1,804",grocery,28-04-2024 21:57
O00000137,U0091228,S00002297,"? 1,051",grocery,18-10-2023 06:19
O00000138,U0091228,S00002349,"? 3,617",beauty,29-10-2023 09:38
O00000139,U0091228,S00002358,"? 1,986",grocery,22-10-2023 00:28
O00000140,U0091228,S00002365,"? 3,400",beauty,14-03-2024 00:38
O00000141,U0091228,S00002372,"? 1,712",sports,31-03-2024 22:45
O00000142,U0091228,S00002395,"? 1,050",fashion,07-01-2023 13:33
O00000143,U0091228,S00002400,"? 1,704",fashion,04-05-2023 03:37
O00000144,U0091228,S00002401,"? 1,410",fashion,02-10-2023 09:03
O00000145,U0091228,S00002403,"? 2,070",fashion,12-06-2024 00:05
O00000146,U0039168,S00002409,"? 4,559",electronics,18-09-2023 22:35
O00000147,U0091228,S00002420,"? 2,928",sports,14-05-2024 21:26
O00000148,U0091228,S00002425,"? 2,964",grocery,23-03-2024 13:53
O00000149,U0091228,S00002438,"? 1,404",grocery,20-01-2023 21:47
O00000150,U0091228,S00002441,"? 4,697",home_decor,05-01-2024 11:03
O00000151,U0091228,S00002444,"? 2,276",fashion,06-08-2023 15:35
O00000152,U0091228,S00002455,"? 2,257",grocery,26-11-2023 10:43
O00000153,U0091228,S00002467,"? 3,342",electronics,18-05-2024 05:37
O00000154,U0091228,S00002480,"? 3,051",electronics,06-03-2023 04:48
O00000155,U0091228,S00002488,"? 1,209",grocery,22-03-2024 12:10
O00000156,U0091228,S00002494,? 952,books,19-12-2023 20:41
O00000157,U0091228,S00002497,"? 3,814",fashion,02-04-2024 22:57
O00000158,U0091228,S00002527,"? 1,618",electronics,05-05-2023 09:19
O00000159,U0091228,S00002544,"? 2,468",electronics,07-12-2023 21:24
O00000160,U0091228,S00002547,"? 1,885",beauty,02-04-2024 00:21
O00000161,U0091228,S00002551,"? 2,830",electronics,15-01-2024 18:05
O00000162,U0091228,S00002596,"? 1,609",fashion,02-04-2024 04:07
O00000163,U0091228,S00002612,"? 1,653",fashion,25-01-2023 08:09
O00000164,U0091228,S00002625,"? 3,925",home_decor,24-04-2024 15:44
O00000165,U0009946,S00002639,"? 2,090",grocery,30-12-2023 16:41
O00000166,U0091228,S00002642,"? 1,199",grocery,16-05-2024 23:26
O00000167,U0091228,S00002649,? 848,electronics,08-04-2024 20:32
O00000168,U0039168,S00002653,"? 1,520",fashion,17-03-2024 08:05
O00000169,U0091228,S00002667,"? 2,338",electronics,12-11-2023 23:49
O00000170,U0091228,S00002677,"? 1,070",grocery,27-06-2024 22:33
O00000171,U0091228,S00002707,"? 1,859",fashion,07-12-2023 04:33
O00000172,U0091228,S00002734,"? 2,910",fashion,05-04-2024 18:42
O00000173,U0091228,S00002735,"? 1,676",beauty,15-05-2024 12:01
O00000174,U0091228,S00002780,"? 3,916",beauty,25-01-2024 14:29
O00000175,U0091228,S00002781,"? 1,703",electronics,07-12-2023 07:44
O00000176,U0091228,S00002789,"? 1,761",fashion,23-02-2023 22:32
O00000177,U0091228,S00002821,? 935,sports,26-01-2023 17:16
O00000178,U0091228,S00002824,? 839,home_decor,11-10-2023 08:03
O00000179,U0091228,S00002844,"? 1,014",fashion,07-06-2024 08:53
O00000180,U0091228,S00002852,"? 5,000",grocery,27-01-2024 11:42
O00000181,U0091228,S00002884,"? 2,101",books,31-03-2023 18:56
O00000182,U0091228,S00002905,"? 1,472",electronics,08-03-2023 05:15
O00000183,U0091228,S00002930,"? 3,640",electronics,19-06-2023 18:07
O00000184,U0091228,S00002986,"? 2,091",electronics,01-05-2024 11:06
O00000185,U0091228,S00002998,"? 4,136",electronics,26-06-2023 20:27
O00000186,U0091228,S00003042,"? 3,139",grocery,26-08-2023 09:16
O00000187,U0091228,S00003060,"? 1,148",home_decor,21-08-2023 04:22
O00000188,U0091228,S00003082,"? 2,073",beauty,05-05-2023 22:00
O00000189,U0091228,S00003093,"? 2,973",fashion,17-04-2023 20:30
O00000190,U0091228,S00003106,"? 2,659",fashion,15-06-2023 19:37
O00000191,U0034333,S00003110,"? 1,393",grocery,23-02-2024 22:38
O00000192,U0091228,S00003115,"? 1,792",electronics,20-11-2023 10:40
O00000193,U0091228,S00003122,"? 1,073",sports,10-02-2023 19:07
O00000194,U0091228,S00003126,"? 4,486",fashion,27-01-2023 08:54
O00000195,U0091228,S00003128,"? 1,312",electronics,27-02-2024 13:00
O00000196,U0091228,S00003151,"? 1,182",fashion,22-03-2023 09:07
O00000197,U0022056,S00003154,"? 2,135",beauty,15-03-2023 16:00
O00000198,U0039168,S00003172,? 609,electronics,27-08-2023 06:07
O00000199,U0091228,S00003209,"? 2,184",grocery,14-12-2023 01:05
O00000200,U0091228,S00003210,"? 1,374",sports,22-06-2023 23:29
O00000201,U0091228,S00003213,"? 2,863",beauty,27-03-2023 12:35
O00000202,U0091228,S00003227,"? 3,896",fashion,04-11-2023 11:17
O00000203,U0091228,S00003229,"? 4,465",sports,20-02-2024 10:10
O00000204,U0091228,S00003237,"? 3,795",grocery,03-02-2024 19:37
O00000205,U0091228,S00003241,"? 3,450",beauty,24-06-2023 10:52
O00000206,U0091228,S00003253,"? 1,479",grocery,01-11-2023 00:31
O00000207,U0091228,S00003258,"? 1,942",fashion,13-12-2023 23:00
O00000208,U0026974,S00003292,"? 1,165",fashion,29-08-2023 03:09
O00000209,U0091228,S00003310,"? 4,412",sports,24-12-2023 03:25
O00000210,U0091228,S00003319,"? 1,649",electronics,24-06-2024 22:19
O00000211,U0091228,S00003337,"? 2,085",beauty,04-01-2024 08:49
O00000212,U0091228,S00003338,"? 1,758",electronics,20-03-2023 13:07
O00000213,U0091228,S00003354,"? 1,091",electronics,26-04-2023 16:30
O00000214,U0091228,S00003427,"? 2,259",fashion,10-10-2023 21:52
O00000215,U0091228,S00003436,"? 2,044",electronics,15-01-2023 15:15
O00000216,U0091228,S00003443,"? 1,565",grocery,08-08-2023 11:50
O00000217,U0091228,S00003444,"? 3,204",books,25-11-2023 19:36
O00000218,U0091228,S00003479,"? 2,781",electronics,26-04-2024 23:08
O00000219,U0091228,S00003483,"? 1,826",grocery,25-10-2023 22:30
O00000220,U0091228,S00003491,"? 1,091",fashion,15-03-2023 17:07
O00000221,U0091228,S00003521,"? 2,295",beauty,03-02-2023 22:20
O00000222,U0091228,S00003567,"? 4,350",grocery,21-02-2023 12:04
O00000223,U0091228,S00003615,"? 1,888",books,12-05-2024 13:09
O00000224,U0091228,S00003634,"? 1,922",electronics,07-12-2023 03:05
O00000225,U0091228,S00003669,"? 2,235",electronics,23-12-2023 02:46
O00000226,U0091228,S00003695,"? 3,192",electronics,01-12-2023 05:04
O00000227,U0091228,S00003699,"? 1,391",grocery,14-07-2023 20:24
O00000228,U0091228,S00003711,"? 1,629",electronics,01-03-2023 21:32
O00000229,U0091228,S00003738,"? 1,463",grocery,06-01-2024 20:43
O00000230,U0091228,S00003741,"? 2,102",fashion,04-01-2023 16:31
O00000231,U0091228,S00003745,? 986,fashion,04-09-2023 12:55
O00000232,U0084997,S00003753,"? 1,954",fashion,29-04-2024 01:21
O00000233,U0091228,S00003756,"? 2,222",electronics,07-06-2023 15:39
O00000234,U0091228,S00003771,"? 3,780",grocery,13-02-2023 22:45
O00000235,U0091228,S00003799,"? 1,846",electronics,02-05-2023 05:50
O00000236,U0091228,S00003819,"? 1,866",books,29-10-2023 18:22
O00000237,U0091228,S00003826,"? 3,372",grocery,16-02-2023 17:04
O00000238,U0091228,S00003835,"? 1,016",beauty,11-12-2023 02:41
O00000239,U0091228,S00003846,"? 2,410",sports,28-09-2023 22:08
O00000240,U0091228,S00003858,"? 1,644",home_decor,22-03-2023 13:53
O00000241,U0091228,S00003881,"? 2,170",fashion,07-01-2023 05:05
O00000242,U0091228,S00003889,"? 1,923",grocery,22-04-2024 06:34
O00000243,U0091228,S00003890,"? 1,694",fashion,30-10-2023 06:46
O00000244,U0091228,S00003921,"? 1,145",fashion,12-08-2023 04:58
O00000245,U0091228,S00003932,"? 4,057",grocery,08-05-2023 05:33
O00000246,U0091228,S00003975,"? 1,513",home_decor,01-04-2024 03:27
O00000247,U0009744,S00004040,"? 3,281",electronics,20-01-2024 00:45
O00000248,U0050228,S00004046,"? 1,575",grocery,02-01-2023 08:13
O00000249,U0091228,S00004047,"? 2,420",beauty,14-10-2023 16:16
O00000250,U0091228,S00004068,"? 2,580",electronics,26-02-2023 19:07
O00000251,U0091228,S00004074,"? 2,287",toys,27-08-2023 17:47
O00000252,U0091228,S00004082,"? 1,550",grocery,20-10-2023 16:52
O00000253,U0091228,S00004086,"? 1,912",home_decor,10-07-2023 15:15
O00000254,U0091228,S00004096,"? 1,970",grocery,28-04-2024 10:08
O00000255,U0091228,S00004103,"? 3,521",fashion,26-12-2023 21:59
O00000256,U0091228,S00004115,? 774,beauty,24-02-2023 08:08
O00000257,U0091228,S00004146,"? 1,656",fashion,16-01-2023 20:39
O00000258,U0091228,S00004152,"? 2,258",grocery,14-11-2023 12:19
O00000259,U0091228,S00004178,"? 2,571",fashion,13-08-2023 16:02
O00000260,U0091228,S00004191,"? 1,457",home_decor,28-01-2023 04:58
O00000261,U0091228,S00004192,"? 1,925",home_decor,11-11-2023 14:42
O00000262,U0091228,S00004200,"? 1,085",electronics,14-10-2023 10:53
O00000263,U0091228,S00004239,"? 1,174",electronics,06-03-2023 07:13
O00000264,U0091228,S00004257,"? 1,595",sports,26-10-2023 07:19
O00000265,U0091228,S00004266,"? 3,184",beauty,25-01-2023 07:23
O00000266,U0091228,S00004268,"? 1,136",home_decor,29-06-2024 21:40
O00000267,U0091228,S00004279,"? 3,313",toys,24-03-2024 06:01
O00000268,U0091228,S00004289,"? 1,559",electronics,21-09-2023 01:19
O00000269,U0091228,S00004310,"? 2,924",home_decor,26-09-2023 00:01
O00000270,U0091228,S00004321,"? 1,616",electronics,21-07-2023 19:26
O00000271,U0091228,S00004333,"? 4,880",electronics,19-01-2023 14:51
O00000272,U0091228,S00004337,"? 2,930",electronics,05-09-2023 12:19
O00000273,U0091228,S00004360,"? 1,632",grocery,26-11-2023 00:57
O00000274,U0091228,S00004390,"? 1,542",home_decor,15-10-2023 00:10
O00000275,U0091228,S00004394,"? 3,124",grocery,17-05-2023 09:47
O00000276,U0091228,S00004433,"? 3,570",fashion,11-01-2024 19:23
O00000277,U0091228,S00004442,"? 1,209",electronics,23-02-2024 13:47
O00000278,U0091228,S00004443,"? 4,192",electronics,11-04-2024 12:49
O00000279,U0091228,S00004450,"? 2,810",electronics,15-02-2023 04:59
O00000280,U0091228,S00004453,"? 2,186",fashion,24-09-2023 21:04
O00000281,U0091228,S00004489,"? 2,114",grocery,06-12-2023 21:09
O00000282,U0091228,S00004524,"? 3,970",toys,06-07-2023 20:37
O00000283,U0091228,S00004526,"? 3,152",fashion,22-10-2023 21:30
O00000284,U0091228,S00004549,"? 2,413",beauty,08-10-2023 04:46
O00000285,U0091228,S00004563,"? 2,983",electronics,27-06-2024 05:03
O00000286,U0091228,S00004577,"? 1,881",toys,06-12-2023 13:05
O00000287,U0091228,S00004587,"? 2,938",fashion,08-02-2023 18:54
O00000288,U0091228,S00004590,"? 1,394",grocery,07-01-2023 16:22
O00000289,U0091228,S00004597,"? 2,453",beauty,28-03-2023 15:49
O00000290,U0091228,S00004626,"? 1,731",grocery,29-06-2023 22:24
O00000291,U0091228,S00004690,"? 2,956",fashion,28-04-2024 17:28
O00000292,U0009744,S00004711,"? 1,661",sports,03-03-2024 17:57
O00000293,U0091228,S00004742,"? 4,473",beauty,18-05-2023 13:51
O00000294,U0031031,S00004746,"? 1,532",fashion,03-05-2024 07:36
O00000295,U0091228,S00004799,"? 2,741",beauty,02-04-2024 00:46
O00000296,U0091228,S00004804,"? 1,987",fashion,17-01-2023 06:55
O00000297,U0091228,S00004807,"? 2,102",books,29-10-2023 20:32
O00000298,U0031031,S00004824,"? 1,309",home_decor,16-06-2024 06:27
O00000299,U0091228,S00004852,"? 4,333",electronics,22-06-2023 23:15
O00000300,U0091228,S00004877,"? 1,357",electronics,02-02-2024 10:08
O00000301,U0091228,S00004885,"? 3,495",toys,21-06-2024 06:59
O00000302,U0091228,S00004891,"? 2,169",electronics,03-03-2024 04:48
O00000303,U0091228,S00004904,"? 1,090",grocery,28-03-2023 10:27
O00000304,U0091228,S00004919,"? 4,488",electronics,14-10-2023 09:19
O00000305,U0091228,S00004920,"? 3,840",fashion,02-05-2024 11:23
O00000306,U0091228,S00004921,"? 2,029",fashion,01-05-2024 00:09
O00000307,U0009744,S00004940,"? 1,130",books,06-03-2023 20:37
O00000308,U0091228,S00004967,"? 1,673",fashion,08-01-2023 04:21
O00000309,U0091228,S00004970,"? 4,405",beauty,30-03-2023 23:33
O00000310,U0091228,S00004972,"? 1,375",electronics,03-03-2024 10:36
O00000311,U0091228,S00004986,"? 2,366",books,11-08-2023 05:39
O00000312,U0091228,S00005028,"? 2,501",electronics,15-04-2024 05:57
O00000313,U0091228,S00005030,"? 2,020",fashion,10-06-2024 04:54
O00000314,U0053386,S00005047,"? 1,947",home_decor,08-11-2023 19:58
O00000315,U0050228,S00005052,"? 1,108",grocery,20-05-2024 03:12
O00000316,U0091228,S00005067,"? 4,550",electronics,21-02-2024 13:56
O00000317,U0091228,S00005087,"? 2,638",fashion,05-01-2024 13:45
O00000318,U0091228,S00005111,"? 3,683",home_decor,24-01-2024 22:44
O00000319,U0091228,S00005117,"? 1,004",fashion,06-04-2023 08:40
O00000320,U0091228,S00005133,"? 2,930",books,01-05-2024 01:40
O00000321,U0091228,S00005145,"? 2,814",home_decor,30-09-2023 03:57
O00000322,U0091228,S00005150,"? 1,777",sports,14-08-2023 06:50
O00000323,U0091228,S00005158,"? 3,259",grocery,20-02-2023 05:59
O00000324,U0091228,S00005236,"? 1,189",fashion,10-02-2024 05:58
O00000325,U0091228,S00005237,"? 1,418",electronics,11-06-2024 23:04
O00000326,U0091228,S00005238,"? 1,942",grocery,20-05-2024 18:26
O00000327,U0091228,S00005241,? 890,grocery,28-01-2024 07:34
O00000328,U0091228,S00005260,"? 2,785",electronics,23-06-2023 06:17
O00000329,U0091228,S00005279,"? 3,778",grocery,20-08-2023 09:32
O00000330,U0091228,S00005327,"? 3,319",fashion,09-05-2024 17:28
O00000331,U0091228,S00005340,"? 2,381",home_decor,03-05-2024 02:32
O00000332,U0027286,S00005367,"? 2,117",home_decor,23-08-2023 11:07
O00000333,U0091228,S00005413,"? 1,951",home_decor,18-04-2023 00:07
O00000334,U0091228,S00005425,"? 3,079",fashion,24-03-2024 19:04
O00000335,U0091228,S00005430,"? 3,180",grocery,15-07-2023 20:51
O00000336,U0091228,S00005435,"? 3,115",books,19-05-2024 07:22
O00000337,U0091228,S00005471,"? 3,692",fashion,12-05-2023 03:32
O00000338,U0091228,S00005475,"? 2,006",fashion,30-10-2023 13:38
O00000339,U0091228,S00005483,"? 2,941",fashion,16-02-2024 17:07
O00000340,U0091228,S00005491,"? 1,250",electronics,09-05-2023 21:00
O00000341,U0091228,S00005495,"? 3,282",toys,27-01-2024 14:13
O00000342,U0091228,S00005514,? 682,beauty,07-06-2024 11:05
O00000343,U0091228,S00005535,"? 1,560",electronics,12-11-2023 04:04
O00000344,U0091228,S00005573,"? 1,673",books,04-04-2024 07:28
O00000345,U0091228,S00005594,"? 2,198",grocery,31-01-2023 10:04
O00000346,U0091228,S00005623,"? 4,126",electronics,06-09-2023 23:24
O00000347,U0093177,S00005632,"? 2,125",electronics,20-01-2024 16:37
O00000348,U0091228,S00005634,"? 3,850",electronics,07-03-2024 02:53
O00000349,U0091228,S00005667,"? 1,680",electronics,11-09-2023 18:12
O00000350,U0091228,S00005681,"? 2,040",fashion,28-02-2023 10:24
O00000351,U0091228,S00005708,"? 3,733",electronics,29-04-2024 01:01
O00000352,U0091228,S00005764,"? 3,072",grocery,07-04-2023 01:32
O00000353,U0018002,S00005782,"? 1,399",fashion,24-09-2023 20:09
O00000354,U0091228,S00005790,"? 1,012",electronics,27-03-2024 23:33
O00000355,U0091228,S00005808,"? 1,739",fashion,02-01-2024 04:05
O00000356,U0091228,S00005830,? 855,home_decor,09-05-2024 18:22
O00000357,U0091228,S00005837,"? 3,601",electronics,04-01-2024 23:36
O00000358,U0091228,S00005847,? 891,grocery,14-09-2023 06:18
O00000359,U0091228,S00005908,"? 1,194",electronics,19-02-2023 16:01
O00000360,U0091228,S00005938,"? 1,259",fashion,10-08-2023 05:25
O00000361,U0091228,S00005942,"? 2,343",fashion,17-08-2023 08:52
O00000362,U0091228,S00005945,"? 3,081",grocery,19-02-2024 18:57
O00000363,U0091228,S00005952,"? 3,057",electronics,07-03-2024 02:09
O00000364,U0091228,S00005965,"? 3,531",fashion,05-02-2023 12:57
O00000365,U0091228,S00005991,"? 4,175",electronics,01-05-2023 11:52
O00000366,U0091228,S00006057,"? 3,236",beauty,23-07-2023 23:49
O00000367,U0091228,S00006058,"? 1,370",beauty,15-01-2023 06:16
O00000368,U0091228,S00006081,"? 4,168",beauty,15-03-2023 08:13
O00000369,U0091228,S00006086,"? 2,533",fashion,17-01-2024 14:36
O00000370,U0091228,S00006139,? 588,electronics,16-07-2023 19:26
O00000371,U0091228,S00006144,"? 1,393",grocery,17-09-2023 15:40
O00000372,U0091228,S00006148,"? 2,564",books,03-05-2023 21:53
O00000373,U0091228,S00006152,"? 3,458",electronics,10-02-2023 02:09
O00000374,U0091228,S00006176,"? 1,535",grocery,22-03-2023 23:27
O00000375,U0091228,S00006181,? 946,grocery,09-03-2024 20:38
O00000376,U0083154,S00006184,"? 1,839",beauty,04-06-2024 12:00
O00000377,U0091228,S00006188,"? 1,720",beauty,14-03-2024 06:03
O00000378,U0091228,S00006217,? 996,electronics,17-06-2023 20:47
O00000379,U0091228,S00006310,"? 3,201",beauty,27-07-2023 09:27
O00000380,U0091228,S00006312,? 860,beauty,19-08-2023 15:32
O00000381,U0091228,S00006314,"? 1,717",fashion,13-02-2024 06:19
O00000382,U0091228,S00006349,"? 1,642",fashion,13-01-2024 16:14
O00000383,U0091228,S00006350,"? 5,000",grocery,22-02-2023 10:59
O00000384,U0091228,S00006370,"? 2,353",electronics,03-08-2023 22:18
O00000385,U0091228,S00006393,"? 1,740",electronics,10-01-2023 08:36
O00000386,U0091228,S00006405,"? 1,725",grocery,16-11-2023 23:17
O00000387,U0091228,S00006411,"? 2,673",sports,21-10-2023 23:24
O00000388,U0091228,S00006450,"? 3,472",toys,17-02-2024 16:45
O00000389,U0050228,S00006451,"? 1,510",electronics,01-04-2023 07:56
O00000390,U0091228,S00006481,"? 1,619",grocery,29-08-2023 18:32
O00000391,U0091228,S00006486,"? 1,787",electronics,27-10-2023 23:12
O00000392,U0091228,S00006525,"? 2,036",grocery,01-03-2023 22:15
O00000393,U0091228,S00006526,"? 3,262",electronics,05-09-2023 01:45
O00000394,U0091228,S00006532,"? 2,493",grocery,17-07-2023 11:12
O00000395,U0091228,S00006556,"? 3,795",beauty,24-02-2024 08:01
O00000396,U0091228,S00006574,"? 4,783",fashion,03-08-2023 15:33
O00000397,U0091228,S00006579,"? 2,082",home_decor,26-05-2023 14:28
O00000398,U0091228,S00006590,"? 3,331",home_decor,09-03-2023 18:10
O00000399,U0091228,S00006634,"? 2,399",grocery,20-05-2024 18:00
O00000400,U0091228,S00006654,"? 1,152",beauty,13-11-2023 00:13
O00000401,U0091228,S00006662,"? 2,632",fashion,24-03-2023 00:16
O00000402,U0091228,S00006666,"? 1,416",electronics,16-07-2023 11:34
O00000403,U0091228,S00006671,? 968,grocery,17-11-2023 16:44
O00000404,U0091228,S00006675,"? 1,040",fashion,01-05-2024 04:41
O00000405,U0091228,S00006679,"? 2,461",home_decor,04-12-2023 18:37
O00000406,U0091228,S00006687,"? 3,376",home_decor,14-09-2023 23:12
O00000407,U0091228,S00006689,"? 2,465",electronics,05-12-2023 20:01
O00000408,U0091228,S00006717,"? 3,735",grocery,03-07-2023 05:03
O00000409,U0091228,S00006721,"? 3,803",electronics,28-05-2023 17:11
O00000410,U0091228,S00006739,? 773,beauty,23-05-2023 20:40
O00000411,U0091228,S00006755,"? 2,034",fashion,01-07-2023 08:35
O00000412,U0091228,S00006778,"? 1,611",electronics,16-09-2023 17:23
O00000413,U0009744,S00006779,"? 1,168",fashion,24-04-2023 05:56
O00000414,U0091228,S00006784,"? 2,416",fashion,07-04-2024 19:50
O00000415,U0091228,S00006786,"? 2,456",beauty,22-01-2023 11:02
O00000416,U0063655,S00006815,"? 1,703",fashion,21-05-2023 18:02
O00000417,U0091228,S00006829,"? 2,059",fashion,06-01-2024 23:20
O00000418,U0091228,S00006831,"? 2,946",fashion,08-04-2023 02:21
O00000419,U0091228,S00006864,"? 3,344",fashion,17-09-2023 19:00
O00000420,U0091228,S00006870,"? 2,352",grocery,02-02-2024 00:15
O00000421,U0091228,S00006876,"? 1,613",fashion,04-08-2023 09:06
O00000422,U0039168,S00006881,"? 2,987",electronics,25-06-2024 01:05
O00000423,U0091228,S00006913,"? 2,750",grocery,13-08-2023 23:03
O00000424,U0091228,S00006931,"? 1,995",home_decor,24-01-2023 16:15
O00000425,U0091228,S00006933,"? 2,758",electronics,23-01-2024 03:00
O00000426,U0091228,S00006942,"? 1,520",fashion,17-09-2023 07:24
O00000427,U0091228,S00006970,"? 2,138",beauty,19-03-2023 11:41
O00000428,U0093578,S00007065,"? 4,897",electronics,03-05-2023 18:47
O00000429,U0074716,S00007073,"? 1,301",fashion,01-03-2024 04:40
O00000430,U0091228,S00007104,"? 2,580",fashion,30-11-2023 12:05
O00000431,U0091228,S00007107,"? 1,191",books,22-01-2024 06:19
O00000432,U0091228,S00007146,"? 3,429",electronics,02-02-2024 05:57
O00000433,U0091228,S00007166,"? 3,055",electronics,05-03-2024 23:12
O00000434,U0050228,S00007182,"? 1,072",fashion,31-05-2023 04:19
O00000435,U0091228,S00007263,"? 4,193",fashion,12-05-2024 20:34
O00000436,U0091228,S00007290,"? 2,882",electronics,16-09-2023 20:52
O00000437,U0091228,S00007419,"? 1,765",grocery,19-10-2023 04:00
O00000438,U0091228,S00007425,"? 1,889",grocery,12-10-2023 13:28
O00000439,U0091228,S00007447,"? 1,778",electronics,20-02-2023 09:04
O00000440,U0091228,S00007465,"? 1,926",fashion,07-03-2023 06:28
O00000441,U0091228,S00007505,"? 3,316",beauty,22-01-2024 20:54
O00000442,U0091228,S00007577,"? 2,093",fashion,23-11-2023 05:16
O00000443,U0091228,S00007586,"? 3,032",beauty,29-03-2024 11:33
O00000444,U0091228,S00007614,"? 1,953",grocery,15-01-2024 08:41
O00000445,U0091228,S00007616,"? 3,995",grocery,31-10-2023 18:52
O00000446,U0091228,S00007643,"? 2,514",beauty,19-02-2023 00:32
O00000447,U0091228,S00007660,"? 1,472",electronics,23-05-2024 21:56
O00000448,U0091228,S00007662,"? 4,155",fashion,21-03-2024 12:45
O00000449,U0091228,S00007727,"? 2,982",home_decor,28-01-2023 20:56
O00000450,U0091228,S00007754,"? 1,980",beauty,23-06-2024 20:52
O00000451,U0031031,S00007760,"? 1,776",fashion,06-12-2023 21:26
O00000452,U0091228,S00007768,"? 1,716",beauty,01-01-2024 00:35
O00000453,U0084997,S00007843,"? 1,975",grocery,26-05-2024 08:37
O00000454,U0091228,S00007844,"? 1,704",electronics,02-08-2023 07:49
O00000455,U0091228,S00007845,"? 1,684",fashion,20-02-2023 20:41
O00000456,U0091228,S00007849,"? 1,824",grocery,05-02-2023 21:55
O00000457,U0091228,S00007874,"? 1,265",electronics,03-01-2024 06:43
O00000458,U0091228,S00007878,"? 1,637",electronics,06-05-2024 21:11
O00000459,U0091228,S00007916,"? 1,164",toys,22-01-2024 22:25
O00000460,U0091228,S00007935,"? 1,214",electronics,01-01-2023 05:10
O00000461,U0091228,S00007949,"? 1,179",fashion,23-05-2024 23:30
O00000462,U0091228,S00007956,"? 1,261",fashion,08-07-2023 09:07
O00000463,U0091228,S00007971,"? 1,323",toys,02-11-2023 21:53
O00000464,U0091228,S00008017,"? 2,585",fashion,25-04-2024 00:36
O00000465,U0091228,S00008054,"? 4,175",beauty,03-03-2023 22:37
O00000466,U0091228,S00008135,"? 4,435",sports,29-01-2023 18:12
O00000467,U0009946,S00008137,"? 2,208",electronics,19-04-2024 12:08
O00000468,U0091228,S00008154,"? 1,724",books,05-03-2024 02:52
O00000469,U0091228,S00008166,"? 2,105",grocery,13-04-2024 11:24
O00000470,U0091228,S00008169,"? 2,872",fashion,16-02-2024 10:09
O00000471,U0091228,S00008178,"? 1,762",electronics,06-03-2024 20:37
O00000472,U0009232,S00008193,"? 1,261",sports,15-12-2023 16:51
O00000473,U0091228,S00008211,"? 1,526",books,10-08-2023 21:31
O00000474,U0091228,S00008240,"? 2,637",grocery,16-03-2023 17:21
O00000475,U0091228,S00008242,"? 3,074",home_decor,23-12-2023 01:01
O00000476,U0091228,S00008247,"? 2,427",electronics,18-07-2023 08:50
O00000477,U0091228,S00008275,"? 1,920",electronics,25-02-2024 01:25
O00000478,U0091228,S00008278,"? 3,696",electronics,01-11-2023 16:37
O00000479,U0091228,S00008279,"? 1,664",fashion,13-06-2023 01:29
O00000480,U0091228,S00008288,"? 3,973",beauty,17-04-2023 05:00
O00000481,U0091228,S00008315,"? 1,399",fashion,20-04-2024 17:01
O00000482,U0091228,S00008370,"? 1,645",books,20-05-2023 23:28
O00000483,U0091228,S00008394,"? 2,241",electronics,21-07-2023 16:28
O00000484,U0091228,S00008423,"? 4,386",fashion,25-02-2024 02:03
O00000485,U0091228,S00008437,"? 1,538",beauty,14-08-2023 20:27
O00000486,U0091228,S00008439,"? 2,065",beauty,28-01-2023 19:17
O00000487,U0091228,S00008446,"? 2,022",home_decor,06-05-2024 23:20
O00000488,U0091228,S00008469,"? 4,350",electronics,12-07-2023 05:31
O00000489,U0091228,S00008494,"? 3,569",fashion,16-01-2024 06:24
O00000490,U0091228,S00008504,"? 3,706",electronics,02-03-2023 11:01
O00000491,U0091228,S00008519,"? 1,298",grocery,27-01-2023 14:11
O00000492,U0091228,S00008556,"? 1,316",grocery,09-01-2024 20:09
O00000493,U0091228,S00008558,"? 1,060",fashion,02-03-2023 15:00
O00000494,U0091228,S00008559,"? 2,353",electronics,08-03-2023 21:25
O00000495,U0091228,S00008571,"? 1,956",electronics,20-08-2023 00:42
O00000496,U0091228,S00008580,"? 3,118",grocery,23-01-2024 06:52
O00000497,U0091228,S00008592,"? 2,271",grocery,24-06-2023 09:02
O00000498,U0091228,S00008621,"? 2,750",fashion,13-04-2023 03:04
O00000499,U0091228,S00008654,"? 2,889",sports,27-09-2023 18:31
O00000500,U0091228,S00008657,? 990,fashion,31-10-2023 12:48
O00000501,U0091228,S00008705,"? 1,642",fashion,11-01-2023 00:45
O00000502,U0091228,S00008713,"? 3,291",grocery,30-11-2023 11:46
O00000503,U0091228,S00008736,"? 1,665",toys,12-09-2023 19:20
O00000504,U0091228,S00008742,"? 2,369",electronics,06-03-2024 21:06
O00000505,U0057134,S00008777,"? 3,063",electronics,13-06-2024 01:46
O00000506,U0091228,S00008780,"? 2,404",fashion,17-01-2024 04:37
O00000507,U0091228,S00008791,"? 1,188",electronics,06-05-2024 09:01
O00000508,U0091228,S00008802,"? 2,775",electronics,28-08-2023 20:51
O00000509,U0091228,S00008818,"? 1,266",fashion,16-06-2024 13:05
O00000510,U0091228,S00008841,"? 1,753",fashion,21-08-2023 06:35
O00000511,U0091228,S00008842,"? 3,533",electronics,06-08-2023 07:01
O00000512,U0091228,S00008849,"? 3,197",grocery,08-04-2024 07:47
O00000513,U0091228,S00008865,"? 2,299",electronics,05-04-2023 19:33
O00000514,U0091228,S00008866,"? 1,615",beauty,20-06-2024 11:34
O00000515,U0091228,S00008871,"? 1,470",sports,14-02-2023 20:39
O00000516,U0091228,S00008872,"? 2,978",toys,09-02-2023 18:09
O00000517,U0091228,S00008893,"? 2,945",home_decor,05-07-2023 11:12
O00000518,U0009946,S00008911,"? 2,280",electronics,13-05-2023 03:22
O00000519,U0091228,S00008922,? 943,books,07-10-2023 21:21
O00000520,U0091228,S00008929,"? 1,478",fashion,13-12-2023 09:47
O00000521,U0091228,S00008939,"? 1,377",beauty,01-09-2023 13:26
O00000522,U0091228,S00008961,"? 2,733",fashion,17-04-2023 12:03
O00000523,U0091228,S00008971,"? 2,111",electronics,21-01-2024 10:42
O00000524,U0091228,S00008973,"? 4,102",electronics,04-09-2023 07:20
O00000525,U0091228,S00009102,"? 2,639",home_decor,02-05-2024 20:13
O00000526,U0091228,S00009122,"? 1,364",fashion,07-10-2023 18:52
O00000527,U0091228,S00009132,"? 1,039",toys,03-04-2023 09:11
O00000528,U0047844,S00009154,"? 1,541",fashion,23-05-2024 07:36
O00000529,U0091228,S00009166,"? 2,961",beauty,15-03-2023 05:19
O00000530,U0091228,S00009204,? 683,home_decor,19-12-2023 19:26
O00000531,U0091228,S00009236,"? 2,018",toys,02-10-2023 11:26
O00000532,U0091228,S00009253,"? 1,771",electronics,11-10-2023 17:37
O00000533,U0091228,S00009254,"? 1,445",electronics,08-08-2023 19:53
O00000534,U0091228,S00009281,"? 3,691",fashion,15-04-2024 22:52
O00000535,U0091228,S00009286,"? 3,037",electronics,14-06-2023 20:50
O00000536,U0091228,S00009289,"? 1,225",electronics,29-01-2024 13:38
O00000537,U0057134,S00009310,"? 3,439",books,02-03-2023 02:04
O00000538,U0091228,S00009324,"? 2,063",grocery,03-01-2023 08:37
O00000539,U0091228,S00009346,"? 3,583",beauty,13-03-2023 15:37
O00000540,U0091228,S00009389,"? 2,049",fashion,08-04-2024 23:30
O00000541,U0091228,S00009408,"? 4,139",fashion,13-05-2023 23:18
O00000542,U0091228,S00009430,"? 2,678",sports,27-05-2024 03:23
O00000543,U0091228,S00009459,"? 4,899",fashion,09-05-2024 13:29
O00000544,U0091228,S00009467,"? 1,503",electronics,11-03-2023 06:45
O00000545,U0091228,S00009493,"? 1,011",fashion,14-06-2023 09:09
O00000546,U0091228,S00009552,"? 3,191",electronics,19-01-2024 11:32
O00000547,U0091228,S00009572,"? 3,735",toys,12-02-2023 22:51
O00000548,U0091228,S00009685,"? 2,426",home_decor,06-10-2023 10:29
O00000549,U0091228,S00009733,"? 2,775",electronics,06-05-2024 06:17
O00000550,U0091228,S00009813,"? 3,353",fashion,18-04-2024 03:50
O00000551,U0091228,S00009815,"? 3,608",electronics,03-08-2023 07:45
O00000552,U0091228,S00009927,"? 2,625",grocery,13-02-2023 07:40
O00000553,U0091228,S00009979,"? 3,714",fashion,22-03-2023 07:59
O00000554,U0091228,S00009988,"? 2,582",electronics,19-03-2023 20:44
O00000555,U0091228,S00010005,"? 3,510",fashion,02-02-2024 13:03
O00000556,U0085469,S00010007,"? 3,343",electronics,12-04-2023 05:09
O00000557,U0091228,S00010057,"? 2,051",sports,05-03-2024 23:42
O00000558,U0091228,S00010059,"? 1,453",toys,24-11-2023 21:51
O00000559,U0091228,S00010081,"? 1,474",electronics,12-06-2024 18:06
O00000560,U0091228,S00010086,"? 1,167",grocery,01-02-2024 16:41
O00000561,U0091228,S00010109,"? 3,243",fashion,19-12-2023 15:13
O00000562,U0091228,S00010110,"? 1,972",beauty,23-03-2024 06:46
O00000563,U0091228,S00010120,"? 2,051",home_decor,02-06-2023 22:05
O00000564,U0091228,S00010122,"? 1,558",grocery,17-02-2023 18:31
O00000565,U0059794,S00010126,"? 4,101",fashion,22-09-2023 15:09
O00000566,U0091228,S00010134,"? 2,071",grocery,21-12-2023 19:49
O00000567,U0091228,S00010135,"? 2,936",beauty,17-08-2023 02:03
O00000568,U0084997,S00010140,"? 2,553",electronics,16-06-2023 17:14
O00000569,U0091228,S00010149,"? 3,570",toys,02-04-2023 00:47
O00000570,U0091228,S00010181,"? 2,490",electronics,27-10-2023 00:34
O00000571,U0091228,S00010185,"? 2,472",electronics,12-11-2023 11:55
O00000572,U0091228,S00010211,"? 2,533",toys,14-01-2023 21:42
O00000573,U0091228,S00010262,"? 4,427",toys,29-09-2023 01:46
O00000574,U0091228,S00010316,"? 1,659",electronics,01-08-2023 04:41
O00000575,U0091228,S00010317,"? 2,628",sports,08-07-2023 16:51
O00000576,U0091228,S00010342,"? 3,223",home_decor,08-06-2024 13:52
O00000577,U0091228,S00010357,? 789,fashion,30-04-2024 05:57
O00000578,U0048407,S00010363,? 824,electronics,01-07-2023 16:19
O00000579,U0091257,S00010366,"? 3,283",electronics,19-10-2023 18:42
O00000580,U0091228,S00010398,"? 1,856",electronics,17-04-2024 21:52
O00000581,U0009946,S00010440,"? 2,622",electronics,08-05-2024 03:39
O00000582,U0009744,S00010450,? 524,grocery,11-02-2024 23:44
O00000583,U0091228,S00010454,"? 1,738",grocery,28-09-2023 09:06
O00000584,U0091228,S00010476,"? 4,011",fashion,08-03-2023 01:30
O00000585,U0091228,S00010491,"? 4,232",fashion,05-02-2023 09:50
O00000586,U0091228,S00010530,"? 3,643",beauty,03-04-2023 04:27
O00000587,U0091228,S00010544,"? 1,121",fashion,21-12-2023 22:33
O00000588,U0091228,S00010554,"? 2,432",home_decor,15-01-2023 05:40
O00000589,U0091228,S00010565,"? 2,561",fashion,17-08-2023 01:14
O00000590,U0091228,S00010576,"? 3,800",fashion,12-06-2024 19:14
O00000591,U0091228,S00010586,"? 1,989",electronics,10-11-2023 06:03
O00000592,U0091228,S00010587,"? 4,358",electronics,15-06-2023 11:48
O00000593,U0091228,S00010590,"? 2,635",electronics,16-04-2024 14:32
O00000594,U0091228,S00010610,"? 2,339",electronics,14-06-2024 21:13
O00000595,U0091228,S00010629,? 945,grocery,19-09-2023 01:24
O00000596,U0091228,S00010645,"? 2,451",home_decor,09-10-2023 08:33
O00000597,U0091228,S00010653,"? 3,733",books,03-06-2024 07:34
O00000598,U0091228,S00010665,"? 1,831",electronics,20-03-2024 00:04
O00000599,U0091228,S00010668,"? 2,888",beauty,11-06-2023 20:50
O00000600,U0057134,S00010669,"? 1,221",electronics,16-04-2023 04:10
O00000601,U0029531,S00010688,"? 1,740",books,17-03-2023 13:07
O00000602,U0091228,S00010693,"? 1,202",toys,24-10-2023 08:30
O00000603,U0091228,S00010698,"? 1,590",electronics,10-05-2024 20:28
O00000604,U0091228,S00010720,"? 1,722",electronics,06-04-2024 16:39
O00000605,U0091228,S00010727,"? 3,810",electronics,25-05-2024 02:51
O00000606,U0091228,S00010748,"? 1,472",fashion,04-02-2023 05:02
O00000607,U0091228,S00010756,? 644,fashion,29-09-2023 11:11
O00000608,U0091228,S00010770,"? 1,893",home_decor,14-01-2023 07:19
O00000609,U0091228,S00010772,"? 2,176",beauty,05-09-2023 22:40
O00000610,U0091228,S00010786,"? 2,488",beauty,13-06-2023 10:28
O00000611,U0091228,S00010787,"? 1,959",fashion,25-04-2023 16:23
O00000612,U0091228,S00010807,"? 1,722",fashion,15-05-2023 02:55
O00000613,U0091228,S00010810,"? 2,976",beauty,06-12-2023 08:15
O00000614,U0091228,S00010813,"? 2,257",toys,30-08-2023 23:22
O00000615,U0091228,S00010818,"? 2,226",electronics,02-02-2024 20:48
O00000616,U0091228,S00010839,"? 1,970",home_decor,25-10-2023 08:36
O00000617,U0091228,S00010892,"? 1,669",grocery,20-04-2023 16:58
O00000618,U0091228,S00010916,"? 3,019",home_decor,14-02-2023 00:47
O00000619,U0091228,S00010919,"? 1,475",fashion,12-03-2023 13:48
O00000620,U0091228,S00010922,"? 3,461",fashion,11-11-2023 08:07
O00000621,U0091228,S00010963,"? 2,200",electronics,11-07-2023 05:31
O00000622,U0091228,S00010985,"? 1,396",fashion,24-06-2023 22:21
O00000623,U0091228,S00010995,"? 1,364",electronics,27-05-2023 06:41
O00000624,U0091228,S00011001,"? 4,715",fashion,01-05-2024 02:11
O00000625,U0091228,S00011027,"? 2,806",home_decor,03-12-2023 18:56
O00000626,U0091228,S00011033,"? 1,559",fashion,02-11-2023 10:48
O00000627,U0009946,S00011047,"? 1,747",fashion,20-11-2023 10:03
O00000628,U0091228,S00011059,"? 2,490",fashion,28-03-2023 18:19
O00000629,U0091228,S00011092,"? 2,491",sports,22-09-2023 01:38
O00000630,U0091228,S00011110,"? 1,412",electronics,06-05-2023 03:18
O00000631,U0091228,S00011148,"? 2,422",electronics,29-08-2023 05:33
O00000632,U0091228,S00011183,"? 1,926",beauty,28-03-2024 19:10
O00000633,U0091228,S00011184,"? 4,130",fashion,06-02-2024 11:48
O00000634,U0074716,S00011185,"? 2,590",beauty,13-11-2023 06:51
O00000635,U0091228,S00011208,"? 2,326",electronics,14-09-2023 09:08
O00000636,U0009744,S00011214,"? 1,178",home_decor,17-01-2023 03:45
O00000637,U0091228,S00011215,"? 1,959",grocery,17-01-2024 14:55
O00000638,U0091228,S00011247,"? 2,917",fashion,26-12-2023 23:43
O00000639,U0091228,S00011315,"? 1,420",fashion,18-05-2024 16:36
O00000640,U0091228,S00011318,"? 1,730",fashion,18-06-2024 03:42
O00000641,U0092853,S00011328,"? 1,716",beauty,07-02-2023 23:13
O00000642,U0074716,S00011400,"? 2,820",home_decor,23-02-2023 20:13
O00000643,U0091228,S00011408,"? 1,528",sports,27-06-2023 21:42
O00000644,U0091228,S00011424,"? 2,008",home_decor,20-06-2023 14:06
O00000645,U0091228,S00011441,"? 2,634",grocery,02-05-2024 10:29
O00000646,U0091228,S00011448,? 870,fashion,31-07-2023 21:18
O00000647,U0091228,S00011458,"? 1,992",grocery,03-07-2023 14:42
O00000648,U0091228,S00011502,"? 2,868",electronics,24-01-2023 05:29
O00000649,U0091228,S00011503,"? 1,734",grocery,11-04-2024 11:39
O00000650,U0091228,S00011522,"? 4,488",grocery,22-02-2024 22:22
O00000651,U0091228,S00011544,"? 1,432",sports,25-09-2023 22:37
O00000652,U0091228,S00011548,"? 2,230",fashion,20-01-2023 23:15
O00000653,U0091228,S00011554,"? 2,017",electronics,09-03-2024 13:57
O00000654,U0026974,S00011566,"? 3,487",grocery,18-02-2024 19:02
O00000655,U0091228,S00011586,"? 1,142",home_decor,09-02-2023 14:16
O00000656,U0091228,S00011601,"? 3,519",electronics,03-03-2024 10:11
O00000657,U0091228,S00011606,"? 2,127",beauty,15-06-2024 02:30
O00000658,U0091228,S00011611,"? 2,836",fashion,02-08-2023 19:25
O00000659,U0091228,S00011618,"? 1,937",home_decor,23-12-2023 13:55
O00000660,U0091228,S00011619,"? 2,045",grocery,26-12-2023 21:35
O00000661,U0091228,S00011626,"? 1,969",electronics,25-03-2024 14:58
O00000662,U0091228,S00011648,"? 2,936",electronics,20-04-2024 06:57
O00000663,U0085469,S00011651,"? 1,269",electronics,19-02-2024 12:47
O00000664,U0091228,S00011652,"? 1,889",electronics,31-07-2023 14:28
O00000665,U0091228,S00011658,? 714,grocery,24-01-2024 15:52
O00000666,U0091228,S00011666,"? 2,486",fashion,16-10-2023 00:48
O00000667,U0091228,S00011672,"? 3,041",home_decor,07-07-2023 21:44
O00000668,U0091228,S00011707,"? 2,029",grocery,06-06-2023 09:09
O00000669,U0091228,S00011710,"? 3,883",fashion,21-01-2023 22:06
O00000670,U0091228,S00011713,"? 2,328",electronics,13-02-2024 13:35
O00000671,U0091228,S00011715,"? 4,158",home_decor,11-09-2023 09:17
O00000672,U0091228,S00011736,"? 3,991",grocery,01-04-2024 06:07
O00000673,U0091228,S00011737,? 934,fashion,24-03-2023 21:06
O00000674,U0091228,S00011746,"? 3,756",beauty,26-05-2023 03:09
O00000675,U0091228,S00011764,"? 3,595",electronics,22-06-2023 15:31
O00000676,U0091228,S00011769,"? 1,825",beauty,24-12-2023 13:09
O00000677,U0091228,S00011771,"? 1,697",beauty,23-09-2023 09:22
O00000678,U0091228,S00011772,"? 1,430",beauty,15-04-2024 20:33
O00000679,U0091228,S00011803,"? 2,127",grocery,04-05-2023 05:35
O00000680,U0091228,S00011810,"? 3,764",beauty,01-09-2023 00:30
O00000681,U0091228,S00011872,"? 1,042",grocery,18-01-2023 05:16
O00000682,U0091228,S00011903,? 762,beauty,01-05-2024 14:36
O00000683,U0091228,S00011936,"? 1,750",fashion,02-04-2024 18:15
O00000684,U0091228,S00011963,"? 2,044",grocery,30-01-2023 06:07
O00000685,U0091228,S00011968,"? 1,727",fashion,05-02-2024 20:09
O00000686,U0091228,S00011989,"? 3,341",fashion,09-04-2023 00:57
O00000687,U0091228,S00011993,"? 2,334",fashion,27-07-2023 12:08
O00000688,U0091228,S00012011,"? 2,405",beauty,05-03-2023 04:55
O00000689,U0091228,S00012023,"? 2,613",books,08-05-2024 12:01
O00000690,U0091228,S00012030,"? 1,783",grocery,01-02-2024 11:22
O00000691,U0091228,S00012048,"? 2,785",grocery,07-03-2024 14:54
O00000692,U0091228,S00012069,"? 1,326",grocery,02-03-2023 09:19
O00000693,U0091228,S00012094,"? 1,574",grocery,27-07-2023 18:26
O00000694,U0091228,S00012106,"? 4,144",grocery,25-01-2023 20:31
O00000695,U0091228,S00012107,"? 2,821",sports,10-02-2023 22:32
O00000696,U0091228,S00012110,"? 1,986",home_decor,08-10-2023 16:11
O00000697,U0091228,S00012131,"? 1,334",electronics,16-05-2023 07:54
O00000698,U0091228,S00012137,"? 1,802",grocery,24-06-2024 04:27
O00000699,U0091228,S00012168,"? 1,518",sports,03-03-2023 20:48
O00000700,U0091228,S00012172,"? 3,000",fashion,12-11-2023 20:53
O00000701,U0091228,S00012200,"? 4,032",fashion,02-01-2023 18:53
O00000702,U0091228,S00012209,? 800,beauty,28-02-2023 20:38
O00000703,U0091228,S00012220,"? 1,316",electronics,20-12-2023 14:53
O00000704,U0091228,S00012234,"? 3,161",electronics,01-07-2023 12:35
O00000705,U0091228,S00012250,"? 1,817",grocery,12-01-2023 00:30
O00000706,U0091228,S00012278,"? 3,827",beauty,11-11-2023 13:52
O00000707,U0091228,S00012286,"? 2,871",grocery,11-08-2023 00:08
O00000708,U0091228,S00012292,"? 4,179",sports,09-02-2024 02:47
O00000709,U0091228,S00012296,"? 1,035",books,18-04-2024 18:13
O00000710,U0091228,S00012321,"? 2,998",grocery,22-07-2023 12:37
O00000711,U0091228,S00012325,"? 2,281",fashion,08-11-2023 06:59
O00000712,U0091228,S00012326,? 960,sports,17-06-2023 00:29
O00000713,U0063466,S00012327,"? 3,656",books,12-04-2023 03:02
O00000714,U0091228,S00012329,"? 1,499",electronics,09-01-2024 00:09
O00000715,U0091228,S00012352,"? 3,009",grocery,26-10-2023 23:56
O00000716,U0091228,S00012358,"? 2,734",grocery,10-04-2024 05:21
O00000717,U0091228,S00012361,"? 4,217",grocery,25-04-2023 11:12
O00000718,U0050228,S00012371,"? 3,253",grocery,02-04-2023 03:01
O00000719,U0009744,S00012384,"? 1,293",electronics,19-01-2023 06:36
O00000720,U0027286,S00012431,"? 4,704",grocery,21-12-2023 06:06
O00000721,U0091228,S00012461,"? 2,973",electronics,07-03-2024 16:49
O00000722,U0091228,S00012466,"? 2,859",grocery,26-10-2023 19:38
O00000723,U0091228,S00012475,"? 3,703",beauty,14-07-2023 19:18
O00000724,U0091228,S00012477,"? 1,250",home_decor,14-05-2023 19:56
O00000725,U0091228,S00012497,"? 3,402",books,05-03-2023 12:24
O00000726,U0091228,S00012505,"? 2,163",grocery,31-08-2023 09:39
O00000727,U0091228,S00012510,"? 4,562",beauty,10-04-2024 13:14
O00000728,U0091228,S00012513,"? 3,344",sports,20-04-2023 02:09
O00000729,U0091228,S00012520,"? 2,391",electronics,17-06-2024 17:07
O00000730,U0091228,S00012529,"? 1,631",electronics,17-02-2024 20:48
O00000731,U0091228,S00012537,"? 2,466",fashion,23-05-2024 16:03
O00000732,U0091228,S00012540,"? 1,649",books,17-02-2024 15:09
O00000733,U0091228,S00012543,"? 3,325",toys,11-04-2023 11:49
O00000734,U0091228,S00012614,"? 1,338",beauty,13-06-2024 03:53
O00000735,U0091228,S00012629,"? 4,470",beauty,05-10-2023 21:10
O00000736,U0091228,S00012633,"? 1,382",grocery,16-01-2024 05:48
O00000737,U0091228,S00012649,"? 1,100",fashion,22-04-2024 00:29
O00000738,U0091228,S00012668,"? 2,857",fashion,04-04-2023 18:35
O00000739,U0091228,S00012702,"? 1,800",home_decor,15-04-2023 12:56
O00000740,U0091228,S00012707,"? 1,853",beauty,19-01-2024 10:40
O00000741,U0091228,S00012709,"? 1,373",toys,26-04-2023 08:44
O00000742,U0091228,S00012762,? 736,fashion,02-03-2023 03:51
O00000743,U0066577,S00012776,"? 2,587",grocery,12-03-2024 14:07
O00000744,U0044265,S00012781,"? 2,733",grocery,12-05-2023 13:46
O00000745,U0091228,S00012802,"? 2,041",fashion,22-02-2024 18:16
O00000746,U0091228,S00012806,"? 3,647",beauty,15-05-2023 10:02
O00000747,U0091228,S00012810,"? 2,334",fashion,05-08-2023 07:00
O00000748,U0091228,S00012835,"? 1,657",grocery,03-11-2023 13:05
O00000749,U0091228,S00012843,"? 2,416",fashion,07-09-2023 23:54
O00000750,U0091228,S00012873,"? 2,799",beauty,28-04-2024 19:38
O00000751,U0091228,S00012886,"? 3,247",home_decor,10-02-2023 07:31
O00000752,U0091228,S00012891,"? 4,091",electronics,21-04-2024 22:40
O00000753,U0091228,S00012896,"? 1,238",grocery,25-02-2023 14:55
O00000754,U0091228,S00012907,"? 1,194",electronics,07-05-2024 20:48
O00000755,U0091228,S00012909,"? 1,365",books,12-02-2024 14:57
O00000756,U0049162,S00012929,"? 3,219",fashion,14-06-2024 16:21
O00000757,U0091228,S00012958,"? 1,275",home_decor,05-07-2023 23:21
O00000758,U0091228,S00012975,"? 3,386",fashion,22-11-2023 20:33
O00000759,U0091228,S00012979,"? 1,541",beauty,08-11-2023 20:51
O00000760,U0091228,S00012984,"? 1,539",sports,22-05-2024 02:21
O00000761,U0091228,S00013006,"? 2,272",beauty,20-01-2024 17:55
O00000762,U0091228,S00013007,"? 3,055",grocery,01-10-2023 23:04
O00000763,U0091228,S00013015,"? 2,958",grocery,14-04-2023 00:48
O00000764,U0091228,S00013016,"? 2,369",grocery,01-02-2023 01:24
O00000765,U0091228,S00013022,"? 2,216",electronics,10-02-2024 10:45
O00000766,U0091228,S00013027,"? 2,241",fashion,04-09-2023 19:14
O00000767,U0091228,S00013032,"? 2,392",sports,28-04-2023 17:53
O00000768,U0091228,S00013038,"? 3,035",fashion,15-04-2024 08:49
O00000769,U0091228,S00013062,"? 1,166",home_decor,27-11-2023 10:19
O00000770,U0009946,S00013065,"? 3,216",home_decor,08-03-2024 13:47
O00000771,U0091228,S00013072,"? 1,702",toys,07-03-2024 09:49
O00000772,U0091228,S00013088,"? 2,560",fashion,24-06-2023 22:10
O00000773,U0091228,S00013116,"? 2,602",grocery,22-07-2023 17:38
O00000774,U0091228,S00013120,"? 2,820",fashion,18-08-2023 12:59
O00000775,U0091228,S00013122,"? 1,758",electronics,31-12-2023 12:29
O00000776,U0091228,S00013143,"? 1,198",beauty,15-06-2024 09:13
O00000777,U0091228,S00013159,"? 1,479",electronics,24-01-2023 09:01
O00000778,U0091228,S00013168,"? 2,767",fashion,02-02-2024 05:49
O00000779,U0091228,S00013183,"? 1,716",beauty,06-05-2023 12:56
O00000780,U0091228,S00013198,"? 1,085",electronics,23-02-2023 03:37
O00000781,U0091228,S00013200,"? 1,221",electronics,16-01-2023 17:17
O00000782,U0091228,S00013209,"? 1,654",beauty,29-06-2023 20:41
O00000783,U0091228,S00013216,"? 3,492",sports,06-04-2024 08:21
O00000784,U0009744,S00013226,"? 2,843",home_decor,08-11-2023 20:50
O00000785,U0091228,S00013233,"? 2,108",sports,29-01-2023 06:43
O00000786,U0091228,S00013295,"? 1,446",beauty,14-05-2024 19:40
O00000787,U0091228,S00013308,"? 1,077",grocery,16-02-2024 22:36
O00000788,U0091228,S00013316,"? 1,491",home_decor,31-01-2024 16:17
O00000789,U0091228,S00013346,"? 1,686",fashion,24-03-2023 22:50
O00000790,U0091228,S00013354,"? 2,901",electronics,20-06-2024 05:21
O00000791,U0091228,S00013381,"? 3,095",beauty,15-06-2023 18:29
O00000792,U0091228,S00013395,"? 2,583",fashion,07-09-2023 01:49
O00000793,U0091228,S00013406,"? 2,257",electronics,27-11-2023 20:44
O00000794,U0091228,S00013430,"? 2,586",electronics,05-06-2024 05:30
O00000795,U0063655,S00013450,"? 2,758",grocery,21-01-2023 08:30
O00000796,U0091228,S00013481,"? 1,522",fashion,16-03-2023 00:16
O00000797,U0099991,S00013497,"? 1,384",fashion,08-02-2023 13:26
O00000798,U0091228,S00013516,"? 3,400",electronics,17-09-2023 07:55
O00000799,U0091228,S00013522,"? 2,088",grocery,01-03-2023 12:58
O00000800,U0091228,S00013558,"? 1,647",fashion,07-01-2023 21:17
O00000801,U0091228,S00013560,"? 1,882",books,18-02-2024 06:17
O00000802,U0091228,S00013567,"? 2,484",electronics,02-08-2023 21:28
O00000803,U0091228,S00013589,"? 1,153",electronics,22-04-2023 17:37
O00000804,U0091228,S00013611,"? 2,782",electronics,06-06-2023 09:44
O00000805,U0091228,S00013625,"? 2,430",home_decor,23-02-2023 22:43
O00000806,U0091228,S00013663,? 838,fashion,20-02-2023 18:16
O00000807,U0091228,S00013677,"? 2,239",grocery,05-05-2023 00:05
O00000808,U0091228,S00013679,"? 3,949",books,21-01-2023 18:18
O00000809,U0009946,S00013706,"? 1,224",toys,02-06-2023 13:23
O00000810,U0091228,S00013710,"? 1,050",home_decor,13-04-2024 11:05
O00000811,U0091228,S00013725,"? 1,294",electronics,07-04-2024 22:04
O00000812,U0091228,S00013734,"? 3,238",sports,11-06-2024 06:54
O00000813,U0091228,S00013748,"? 2,957",grocery,09-02-2024 05:41
O00000814,U0091228,S00013753,"? 1,568",fashion,29-05-2024 23:50
O00000815,U0091228,S00013755,"? 2,381",electronics,27-09-2023 21:31
O00000816,U0091228,S00013767,"? 1,978",fashion,22-04-2024 07:17
O00000817,U0091228,S00013777,"? 1,362",electronics,08-11-2023 22:34
O00000818,U0091228,S00013797,"? 3,498",beauty,18-10-2023 06:37
O00000819,U0091228,S00013812,"? 1,855",electronics,16-05-2023 10:48
O00000820,U0057134,S00013813,"? 1,210",beauty,19-05-2023 11:28
O00000821,U0091228,S00013816,"? 2,886",beauty,16-03-2023 14:06
O00000822,U0091228,S00013823,"? 2,147",grocery,27-02-2024 08:49
O00000823,U0091228,S00013833,"? 1,560",beauty,07-02-2024 15:51
O00000824,U0091228,S00013861,"? 1,207",sports,16-09-2023 11:12
O00000825,U0091228,S00013869,"? 1,769",electronics,02-09-2023 01:28
O00000826,U0091228,S00013871,"? 4,014",electronics,11-03-2024 12:35
O00000827,U0091228,S00013898,"? 2,567",grocery,08-03-2023 22:46
O00000828,U0091228,S00013982,"? 1,221",toys,14-05-2024 10:12
O00000829,U0091228,S00013986,? 957,beauty,05-07-2023 14:56
O00000830,U0091228,S00013993,"? 1,823",grocery,05-10-2023 15:31
O00000831,U0091228,S00014001,"? 1,444",electronics,07-05-2024 06:40
O00000832,U0091228,S00014003,"? 2,767",fashion,07-02-2024 00:13
O00000833,U0091228,S00014005,"? 3,406",home_decor,13-03-2023 16:26
O00000834,U0057134,S00014041,"? 2,687",beauty,28-12-2023 01:06
O00000835,U0091228,S00014043,"? 3,344",electronics,23-10-2023 13:46
O00000836,U0091228,S00014051,"? 1,310",sports,21-04-2024 20:30
O00000837,U0091228,S00014057,"? 1,319",books,27-04-2024 06:31
O00000838,U0091228,S00014063,"? 1,805",books,19-04-2024 13:12
O00000839,U0091228,S00014095,"? 4,330",fashion,31-01-2024 07:09
O00000840,U0091228,S00014115,"? 2,000",electronics,12-02-2023 17:53
O00000841,U0091228,S00014135,"? 1,218",electronics,29-10-2023 05:01
O00000842,U0091228,S00014162,"? 1,945",grocery,08-07-2023 01:26
O00000843,U0020332,S00014173,"? 2,300",electronics,25-12-2023 13:10
O00000844,U0091228,S00014185,"? 3,303",fashion,16-03-2024 05:50
O00000845,U0091228,S00014195,"? 3,280",home_decor,18-11-2023 07:55
O00000846,U0091228,S00014220,"? 1,079",beauty,25-02-2023 07:21
O00000847,U0091228,S00014227,"? 2,654",electronics,10-06-2024 19:30
O00000848,U0091228,S00014242,"? 2,602",electronics,29-05-2023 06:18
O00000849,U0091228,S00014253,"? 1,398",fashion,28-08-2023 23:25
O00000850,U0091228,S00014277,"? 1,268",electronics,24-12-2023 01:50
O00000851,U0091228,S00014287,"? 1,176",books,01-02-2023 08:12
O00000852,U0091228,S00014298,"? 3,940",grocery,22-06-2023 11:30
O00000853,U0091228,S00014307,? 851,electronics,12-03-2024 09:54
O00000854,U0091228,S00014310,"? 2,838",electronics,24-04-2023 15:02
O00000855,U0091228,S00014345,"? 2,368",fashion,20-01-2024 11:58
O00000856,U0091228,S00014388,"? 1,161",beauty,15-11-2023 03:20
O00000857,U0091228,S00014414,"? 1,109",home_decor,30-03-2024 05:40
O00000858,U0091228,S00014421,"? 4,398",grocery,16-09-2023 07:14
O00000859,U0091228,S00014451,? 903,electronics,05-04-2023 12:37
O00000860,U0091228,S00014456,"? 4,524",toys,10-06-2024 02:29
O00000861,U0089690,S00014486,"? 1,981",toys,04-08-2023 15:19
O00000862,U0091228,S00014533,"? 3,479",fashion,05-05-2024 12:41
O00000863,U0091228,S00014597,"? 1,055",beauty,02-08-2023 04:17
O00000864,U0091228,S00014606,"? 1,384",toys,27-06-2023 05:14
O00000865,U0091228,S00014624,"? 3,357",electronics,30-04-2023 06:34
O00000866,U0091228,S00014628,"? 3,430",electronics,16-01-2024 14:57
O00000867,U0091228,S00014630,"? 4,295",fashion,20-08-2023 18:45
O00000868,U0091228,S00014633,"? 1,286",electronics,28-05-2024 07:34
O00000869,U0091228,S00014638,"? 1,244",home_decor,01-02-2024 05:52
O00000870,U0091228,S00014647,"? 3,102",beauty,28-05-2024 23:00
O00000871,U0091228,S00014691,"? 1,651",sports,28-02-2024 15:32
O00000872,U0091228,S00014702,? 992,sports,04-02-2024 22:25
O00000873,U0091228,S00014733,"? 2,513",electronics,25-07-2023 17:51
O00000874,U0091228,S00014740,"? 2,224",sports,01-02-2023 04:32
O00000875,U0091228,S00014751,"? 4,828",books,23-05-2023 06:01
O00000876,U0091228,S00014755,"? 1,648",sports,09-08-2023 23:51
O00000877,U0091228,S00014768,"? 2,668",fashion,28-12-2023 08:23
O00000878,U0091228,S00014770,"? 1,730",toys,14-09-2023 14:09
O00000879,U0091228,S00014790,"? 3,430",fashion,09-02-2023 00:49
O00000880,U0091228,S00014796,"? 1,691",toys,19-10-2023 00:40
O00000881,U0091228,S00014822,"? 2,423",grocery,22-06-2024 13:28
O00000882,U0091228,S00014835,"? 2,304",toys,14-02-2024 14:02
O00000883,U0091228,S00014844,"? 1,794",electronics,07-11-2023 16:16
O00000884,U0091228,S00014869,"? 3,941",electronics,22-01-2024 10:52
O00000885,U0091228,S00014882,"? 2,245",electronics,03-05-2023 13:33
O00000886,U0091228,S00014893,"? 2,555",fashion,14-02-2024 03:40
O00000887,U0091228,S00014927,"? 1,220",books,08-04-2024 17:55
O00000888,U0091228,S00014946,"? 4,134",fashion,16-04-2023 15:16
O00000889,U0091228,S00014968,"? 2,670",electronics,03-05-2024 21:44
O00000890,U0091228,S00014971,"? 1,154",electronics,05-02-2024 20:59
O00000891,U0091228,S00014987,"? 3,320",grocery,31-05-2024 21:29
O00000892,U0091228,S00015013,"? 1,821",home_decor,29-05-2024 19:57
O00000893,U0016194,S00015028,"? 3,109",grocery,11-02-2024 06:29
O00000894,U0091228,S00015044,"? 2,648",electronics,26-12-2023 01:54
O00000895,U0091228,S00015054,"? 2,859",fashion,07-03-2023 18:09
O00000896,U0091228,S00015064,"? 2,387",fashion,16-02-2023 00:56
O00000897,U0091228,S00015066,"? 1,171",electronics,12-05-2024 22:16
O00000898,U0091228,S00015089,"? 3,882",fashion,20-01-2024 22:15
O00000899,U0091228,S00015102,"? 2,465",fashion,09-03-2023 23:36
O00000900,U0091228,S00015108,"? 1,702",home_decor,19-10-2023 07:44
O00000901,U0009946,S00015116,"? 2,617",fashion,10-10-2023 20:07
O00000902,U0091228,S00015122,"? 3,513",electronics,26-04-2023 20:57
O00000903,U0091228,S00015124,"? 3,805",grocery,19-03-2024 08:31
O00000904,U0091228,S00015141,? 747,home_decor,15-03-2023 09:59
O00000905,U0091228,S00015146,"? 2,035",toys,18-10-2023 15:44
O00000906,U0091228,S00015151,"? 2,716",toys,29-03-2024 07:56
O00000907,U0091228,S00015170,"? 2,325",fashion,26-05-2023 09:46
O00000908,U0091228,S00015191,"? 1,548",sports,19-04-2024 20:09
O00000909,U0091228,S00015193,"? 1,771",beauty,20-06-2023 21:16
O00000910,U0050228,S00015198,"? 2,894",beauty,16-11-2023 02:04
O00000911,U0091228,S00015208,"? 2,087",electronics,21-12-2023 15:56
O00000912,U0091228,S00015211,"? 1,512",grocery,07-03-2023 21:25
O00000913,U0091228,S00015212,"? 1,425",electronics,24-04-2023 05:19
O00000914,U0091228,S00015328,"? 1,618",home_decor,07-12-2023 03:35
O00000915,U0091228,S00015359,"? 3,947",electronics,26-06-2024 17:38
O00000916,U0091228,S00015361,"? 2,397",grocery,18-09-2023 23:45
O00000917,U0091228,S00015384,"? 3,973",sports,13-01-2024 18:29
O00000918,U0093177,S00015421,"? 2,951",beauty,13-03-2024 04:03
O00000919,U0091228,S00015425,"? 1,475",electronics,20-11-2023 19:44
O00000920,U0091228,S00015442,"? 2,461",electronics,15-01-2023 15:21
O00000921,U0091228,S00015461,"? 2,650",electronics,08-06-2024 05:39
O00000922,U0091228,S00015481,"? 1,992",electronics,06-04-2023 15:33
O00000923,U0091228,S00015533,"? 2,565",electronics,21-05-2024 22:43
O00000924,U0091228,S00015567,"? 1,160",electronics,01-05-2023 19:20
O00000925,U0091228,S00015571,"? 1,056",electronics,29-02-2024 22:23
O00000926,U0091228,S00015615,"? 2,485",grocery,28-06-2023 07:58
O00000927,U0085469,S00015634,"? 1,212",fashion,22-05-2024 19:21
O00000928,U0091228,S00015692,"? 3,299",toys,26-04-2024 02:03
O00000929,U0074716,S00015718,"? 3,803",toys,26-09-2023 11:33
O00000930,U0091228,S00015743,"? 2,411",sports,13-11-2023 01:44
O00000931,U0091228,S00015746,"? 2,004",fashion,06-10-2023 09:08
O00000932,U0091228,S00015755,"? 2,965",electronics,02-03-2023 21:29
O00000933,U0091228,S00015768,? 819,grocery,03-06-2023 19:08
O00000934,U0056286,S00015783,"? 3,024",fashion,16-06-2024 17:07
O00000935,U0091228,S00015796,"? 2,787",fashion,22-12-2023 23:38
O00000936,U0091228,S00015798,"? 2,149",toys,27-01-2023 13:46
O00000937,U0091228,S00015808,"? 2,146",sports,03-06-2023 22:48
O00000938,U0091228,S00015823,"? 4,526",home_decor,29-01-2024 20:49
O00000939,U0091228,S00015849,"? 4,009",electronics,13-10-2023 07:50
O00000940,U0091228,S00015858,"? 3,031",electronics,16-03-2024 18:41
O00000941,U0009946,S00015880,"? 1,411",electronics,14-05-2024 08:02
O00000942,U0091228,S00015890,"? 2,240",electronics,17-07-2023 23:42
O00000943,U0009946,S00015923,"? 1,674",grocery,19-06-2023 15:59
O00000944,U0091228,S00015943,"? 1,062",electronics,28-02-2023 16:37
O00000945,U0091228,S00015948,"? 2,230",fashion,30-03-2023 21:31
O00000946,U0091228,S00015954,"? 2,116",fashion,22-06-2024 07:25
O00000947,U0091228,S00015970,"? 2,167",sports,29-10-2023 04:04
O00000948,U0091228,S00015988,"? 2,695",fashion,06-12-2023 18:35
O00000949,U0091228,S00015997,"? 1,624",grocery,12-01-2023 18:20
O00000950,U0084997,S00016041,"? 1,955",grocery,04-08-2023 06:58
O00000951,U0091228,S00016096,"? 1,495",beauty,02-06-2023 22:15
O00000952,U0091228,S00016131,"? 4,303",grocery,10-12-2023 00:59
O00000953,U0091228,S00016137,"? 2,032",grocery,04-07-2023 06:57
O00000954,U0091228,S00016145,"? 1,893",fashion,03-05-2023 19:38
O00000955,U0091228,S00016149,"? 1,771",electronics,22-04-2023 12:07
O00000956,U0008297,S00016153,"? 1,465",beauty,16-05-2023 14:58
O00000957,U0091228,S00016163,"? 1,774",beauty,12-04-2024 07:48
O00000958,U0091228,S00016182,"? 2,913",electronics,10-03-2023 19:52
O00000959,U0091228,S00016196,"? 2,884",fashion,06-04-2023 06:36
O00000960,U0091228,S00016252,"? 1,712",electronics,04-08-2023 15:01
O00000961,U0091228,S00016278,"? 3,307",grocery,25-10-2023 23:46
O00000962,U0009744,S00016289,"? 4,711",toys,08-06-2024 23:03
O00000963,U0091228,S00016307,"? 2,480",fashion,16-03-2024 02:06
O00000964,U0091228,S00016323,"? 2,249",sports,05-02-2023 05:53
O00000965,U0091228,S00016335,"? 1,615",fashion,18-11-2023 17:31
O00000966,U0036610,S00016336,"? 2,804",beauty,06-08-2023 00:28
O00000967,U0091228,S00016347,"? 2,483",electronics,20-01-2023 16:17
O00000968,U0091228,S00016383,"? 2,977",fashion,03-03-2024 20:51
O00000969,U0091228,S00016388,"? 3,165",home_decor,23-12-2023 08:22
O00000970,U0091228,S00016400,"? 1,759",books,14-08-2023 05:46
O00000971,U0091228,S00016417,"? 4,530",fashion,13-04-2024 21:26
O00000972,U0091228,S00016418,"? 1,368",home_decor,12-09-2023 23:31
O00000973,U0091228,S00016432,"? 1,909",toys,02-02-2023 03:29
O00000974,U0091228,S00016481,"? 1,304",grocery,02-08-2023 06:46
O00000975,U0091228,S00016492,"? 2,758",beauty,18-08-2023 02:21
O00000976,U0091228,S00016495,"? 1,020",electronics,03-06-2024 06:32
O00000977,U0091228,S00016504,"? 1,618",books,10-06-2023 09:50
O00000978,U0091228,S00016510,"? 4,452",fashion,20-04-2023 07:21
O00000979,U0091228,S00016515,"? 1,981",fashion,04-02-2024 01:11
O00000980,U0091228,S00016535,"? 3,588",beauty,24-07-2023 20:17
O00000981,U0091228,S00016548,"? 1,537",fashion,31-05-2024 21:07
O00000982,U0091228,S00016551,"? 3,075",fashion,25-04-2024 12:24
O00000983,U0009744,S00016575,"? 3,543",grocery,17-01-2023 17:36
O00000984,U0091228,S00016601,"? 2,562",electronics,12-05-2023 18:52
O00000985,U0091228,S00016615,"? 2,879",beauty,23-09-2023 20:48
O00000986,U0091228,S00016626,"? 2,947",grocery,03-08-2023 12:34
O00000987,U0091228,S00016671,"? 3,923",sports,15-03-2023 01:54
O00000988,U0091228,S00016684,"? 4,892",grocery,04-03-2024 16:50
O00000989,U0091228,S00016691,"? 4,064",grocery,01-11-2023 04:28
O00000990,U0091228,S00016712,"? 1,888",fashion,22-08-2023 16:48
O00000991,U0091228,S00016778,"? 1,093",electronics,27-02-2024 14:33
O00000992,U0091228,S00016793,"? 1,530",grocery,11-05-2023 18:21
O00000993,U0091228,S00016797,"? 3,595",books,06-10-2023 21:57
O00000994,U0091228,S00016798,"? 1,024",fashion,15-10-2023 20:19
O00000995,U0091228,S00016812,"? 3,064",toys,18-09-2023 19:27
O00000996,U0091228,S00016831,"? 1,688",electronics,16-10-2023 09:31
O00000997,U0091228,S00016863,"? 3,438",grocery,12-09-2023 09:07
O00000998,U0091228,S00016866,"? 2,822",books,12-02-2024 06:47
O00000999,U0091228,S00016897,"? 1,588",grocery,15-04-2023 20:11
