session_id,user_id,device,channel,session_start_timestamp,session_end_timestamp,session_duration_sec
S00000001,U0091228,mobile,paid_ads,20-10-2023 11:43,20-10-2023 11:45,70
S00000002,U0091228,mobile,paid_ads,27-06-2023 16:25,27-06-2023 16:32,374
S00000003,U0091228,tablet,direct,07-10-2023 04:24,07-10-2023 04:26,106
S00000004,U0091228,mobile,direct,17-01-2023 07:13,17-01-2023 07:15,110
S00000005,U0091228,mobile,organic,22-07-2023 06:26,22-07-2023 06:33,425
S00000006,U0091228,desktop,referral,05-07-2023 01:23,05-07-2023 01:30,433
S00000007,U0091228,mobile,organic,15-06-2024 17:50,15-06-2024 17:51,24
S00000008,U0091228,mobile,organic,01-02-2024 13:08,01-02-2024 13:11,182
S00000009,U0091228,desktop,direct,22-01-2023 12:32,22-01-2023 12:39,447
S00000010,U0091228,desktop,referral,17-04-2024 11:57,17-04-2024 12:00,204
S00000011,U0091228,desktop,paid_ads,19-02-2023 10:04,19-02-2023 10:07,173
S00000012,U0091228,mobile,paid_ads,09-01-2023 02:37,09-01-2023 02:40,176
S00000013,U0091228,mobile,direct,26-05-2023 13:51,26-05-2023 13:54,198
S00000014,U0091228,mobile,paid_ads,26-08-2023 14:11,26-08-2023 14:12,72
S00000015,U0027286,mobile,paid_ads,07-01-2024 20:05,07-01-2024 20:07,112
S00000016,U0091228,desktop,paid_ads,10-12-2023 10:17,10-12-2023 10:25,490
S00000017,U0091228,mobile,organic,27-06-2023 23:12,27-06-2023 23:13,92
S00000018,U0074716,desktop,organic,28-03-2023 12:37,28-03-2023 12:40,218
S00000019,U0091228,mobile,direct,30-04-2024 23:27,30-04-2024 23:31,212
S00000020,U0091228,mobile,referral,22-12-2023 12:47,22-12-2023 12:49,106
S00000021,U0091228,mobile,organic,23-06-2023 20:51,23-06-2023 20:53,155
S00000022,U0091228,desktop,organic,16-07-2023 20:20,16-07-2023 20:23,154
S00000023,U0091228,mobile,paid_ads,04-02-2023 19:03,04-02-2023 19:04,43
S00000024,U0018002,desktop,referral,18-05-2023 11:32,18-05-2023 11:39,425
S00000025,U0091228,mobile,organic,05-05-2024 10:48,05-05-2024 10:51,166
S00000026,U0091228,mobile,direct,30-10-2023 12:25,30-10-2023 12:25,36
S00000027,U0089690,desktop,organic,27-12-2023 19:32,27-12-2023 19:33,70
S00000028,U0091228,mobile,paid_ads,22-07-2023 11:58,22-07-2023 12:01,140
S00000029,U0091228,mobile,referral,08-04-2023 12:10,08-04-2023 12:16,370
S00000030,U0091228,mobile,paid_ads,07-03-2023 14:26,07-03-2023 14:26,13
S00000031,U0091228,desktop,organic,07-02-2023 05:40,07-02-2023 05:42,107
S00000032,U0091228,tablet,referral,01-02-2024 11:35,01-02-2024 11:38,196
S00000033,U0091228,mobile,paid_ads,10-02-2023 01:09,10-02-2023 01:14,320
S00000034,U0091228,mobile,paid_ads,24-09-2023 03:55,24-09-2023 04:03,468
S00000035,U0091228,desktop,organic,16-07-2023 02:35,16-07-2023 02:37,103
S00000036,U0091228,tablet,direct,16-11-2023 16:14,16-11-2023 16:21,383
S00000037,U0091228,mobile,organic,21-03-2024 10:01,21-03-2024 10:04,170
S00000038,U0091228,mobile,paid_ads,01-09-2023 20:26,01-09-2023 20:28,169
S00000039,U0000526,mobile,organic,21-10-2023 23:32,21-10-2023 23:39,420
S00000040,U0091228,mobile,paid_ads,25-01-2024 07:09,25-01-2024 07:11,103
S00000041,U0091228,mobile,direct,25-05-2023 05:35,25-05-2023 05:36,39
S00000042,U0091228,mobile,organic,17-09-2023 22:51,17-09-2023 22:55,203
S00000043,U0091228,mobile,referral,05-06-2024 06:48,05-06-2024 06:50,166
S00000044,U0091228,mobile,paid_ads,23-07-2023 04:36,23-07-2023 04:43,409
S00000045,U0009946,tablet,referral,25-04-2023 02:25,25-04-2023 02:27,102
S00000046,U0091228,desktop,organic,06-05-2023 15:44,06-05-2023 15:49,335
S00000047,U0091228,tablet,direct,02-01-2023 12:51,02-01-2023 12:58,422
S00000048,U0074126,mobile,referral,01-06-2023 05:54,01-06-2023 05:57,151
S00000049,U0091228,mobile,paid_ads,29-11-2023 12:26,29-11-2023 12:30,233
S00000050,U0091228,mobile,referral,17-04-2023 01:15,17-04-2023 01:18,199
S00000051,U0091228,desktop,direct,06-06-2024 17:04,06-06-2024 17:12,519
S00000052,U0091228,mobile,paid_ads,02-04-2024 04:59,02-04-2024 05:01,121
S00000053,U0091228,desktop,organic,07-12-2023 14:49,07-12-2023 14:59,633
S00000054,U0091228,tablet,organic,08-03-2024 14:38,08-03-2024 14:39,72
S00000055,U0091228,mobile,paid_ads,18-10-2023 08:24,18-10-2023 08:26,114
S00000056,U0091228,desktop,referral,05-09-2023 05:37,05-09-2023 05:39,126
S00000057,U0091228,mobile,paid_ads,04-04-2024 04:08,04-04-2024 04:10,169
S00000058,U0091228,mobile,organic,26-03-2023 15:00,26-03-2023 15:02,130
S00000059,U0091228,mobile,organic,09-06-2023 14:04,09-06-2023 14:06,118
S00000060,U0074716,mobile,paid_ads,29-04-2023 17:11,29-04-2023 17:13,123
S00000061,U0031009,mobile,organic,28-01-2023 04:07,28-01-2023 04:14,408
S00000062,U0091228,desktop,organic,02-07-2023 10:39,02-07-2023 10:44,291
S00000063,U0091228,mobile,direct,17-03-2024 11:56,17-03-2024 11:58,135
S00000064,U0091228,mobile,direct,11-06-2024 13:14,11-06-2024 13:14,34
S00000065,U0091228,desktop,referral,23-11-2023 00:32,23-11-2023 00:38,377
S00000066,U0091228,desktop,direct,12-03-2024 09:27,12-03-2024 09:31,240
S00000067,U0091228,mobile,paid_ads,16-02-2023 17:53,16-02-2023 17:55,159
S00000068,U0091228,mobile,organic,29-05-2024 23:23,29-05-2024 23:24,36
S00000069,U0091228,desktop,paid_ads,20-12-2023 11:28,20-12-2023 11:31,165
S00000070,U0091228,tablet,organic,30-11-2023 17:53,30-11-2023 17:56,126
S00000071,U0091228,desktop,direct,05-12-2023 06:42,05-12-2023 06:47,277
S00000072,U0091228,mobile,referral,28-05-2024 10:12,28-05-2024 10:15,195
S00000073,U0091228,mobile,direct,26-01-2023 19:49,26-01-2023 19:50,62
S00000074,U0091228,mobile,direct,13-12-2023 05:45,13-12-2023 05:50,325
S00000075,U0091228,mobile,referral,06-11-2023 01:54,06-11-2023 01:57,139
S00000076,U0091228,desktop,paid_ads,20-05-2023 00:09,20-05-2023 00:12,151
S00000077,U0091228,desktop,paid_ads,19-05-2023 10:33,19-05-2023 10:34,42
S00000078,U0040108,mobile,paid_ads,20-02-2023 14:28,20-02-2023 14:31,164
S00000079,U0057134,mobile,referral,04-04-2024 19:18,04-04-2024 19:22,197
S00000080,U0063655,mobile,paid_ads,17-01-2023 14:06,17-01-2023 14:11,287
S00000081,U0017657,desktop,direct,30-10-2023 04:03,30-10-2023 04:04,83
S00000082,U0091228,tablet,paid_ads,18-01-2024 17:28,18-01-2024 17:31,136
S00000083,U0091228,mobile,referral,06-06-2023 03:17,06-06-2023 03:18,119
S00000084,U0091228,mobile,paid_ads,26-01-2023 08:32,26-01-2023 08:36,274
S00000085,U0091228,desktop,paid_ads,11-06-2023 09:25,11-06-2023 09:35,597
S00000086,U0091228,mobile,organic,02-10-2023 07:16,02-10-2023 07:18,118
S00000087,U0091228,mobile,direct,18-04-2023 02:00,18-04-2023 02:03,191
S00000088,U0063655,mobile,referral,01-07-2023 04:35,01-07-2023 04:37,78
S00000089,U0091228,desktop,referral,14-11-2023 03:51,14-11-2023 03:54,175
S00000090,U0091228,mobile,referral,25-03-2024 03:58,25-03-2024 04:09,624
S00000091,U0091228,desktop,referral,11-05-2023 21:44,11-05-2023 21:48,225
S00000092,U0091228,mobile,paid_ads,27-01-2023 11:22,27-01-2023 11:23,83
S00000093,U0091228,mobile,referral,25-05-2023 17:32,25-05-2023 17:35,197
S00000094,U0091228,desktop,referral,27-08-2023 16:57,27-08-2023 17:01,280
S00000095,U0091228,mobile,organic,26-11-2023 01:56,26-11-2023 01:57,56
S00000096,U0091228,mobile,referral,09-10-2023 19:39,09-10-2023 19:42,161
S00000097,U0091228,mobile,paid_ads,26-05-2024 00:55,26-05-2024 00:59,208
S00000098,U0091228,desktop,organic,15-07-2023 10:32,15-07-2023 10:35,167
S00000099,U0091228,mobile,paid_ads,18-05-2023 23:00,18-05-2023 23:01,27
S00000100,U0091228,mobile,referral,28-02-2023 21:51,28-02-2023 21:53,146
S00000101,U0009946,desktop,paid_ads,10-03-2023 13:55,10-03-2023 14:01,360
S00000102,U0091228,desktop,organic,24-04-2023 19:02,24-04-2023 19:05,132
S00000103,U0091228,mobile,paid_ads,08-08-2023 05:54,08-08-2023 05:56,139
S00000104,U0091228,desktop,referral,04-09-2023 03:16,04-09-2023 03:18,71
S00000105,U0091228,mobile,organic,03-06-2023 20:20,03-06-2023 20:25,285
S00000106,U0091228,mobile,paid_ads,19-03-2024 06:28,19-03-2024 06:34,418
S00000107,U0074716,mobile,paid_ads,15-01-2023 14:43,15-01-2023 14:46,203
S00000108,U0091228,desktop,organic,08-01-2023 17:04,08-01-2023 17:05,9
S00000109,U0091228,mobile,referral,03-02-2023 22:25,03-02-2023 22:28,152
S00000110,U0091228,desktop,paid_ads,04-06-2023 15:03,04-06-2023 15:09,349
S00000111,U0091228,mobile,paid_ads,15-06-2024 22:19,15-06-2024 22:21,114
S00000112,U0091228,mobile,paid_ads,02-05-2023 02:58,02-05-2023 03:05,421
S00000113,U0091228,tablet,paid_ads,23-11-2023 07:30,23-11-2023 07:32,155
S00000114,U0050228,mobile,paid_ads,19-01-2023 11:34,19-01-2023 11:40,368
S00000115,U0091228,mobile,referral,23-08-2023 21:29,23-08-2023 21:29,18
S00000116,U0091228,mobile,paid_ads,05-06-2023 14:18,05-06-2023 14:22,201
S00000117,U0091228,mobile,direct,23-05-2024 09:59,23-05-2024 10:04,294
S00000118,U0091228,mobile,organic,18-09-2023 01:52,18-09-2023 01:59,416
S00000119,U0091228,desktop,organic,25-08-2023 05:08,25-08-2023 05:09,86
S00000120,U0091228,desktop,paid_ads,20-07-2023 07:39,20-07-2023 07:43,271
S00000121,U0091228,mobile,referral,31-12-2023 05:43,31-12-2023 05:52,526
S00000122,U0085469,mobile,referral,25-04-2023 19:01,25-04-2023 19:05,218
S00000123,U0091228,mobile,organic,31-10-2023 22:44,31-10-2023 22:52,482
S00000124,U0091228,mobile,organic,14-11-2023 17:25,14-11-2023 17:25,11
S00000125,U0091228,mobile,referral,08-05-2023 14:26,08-05-2023 14:33,430
S00000126,U0091228,desktop,referral,28-10-2023 22:11,28-10-2023 22:19,501
S00000127,U0091228,desktop,paid_ads,25-12-2023 11:22,25-12-2023 11:27,286
S00000128,U0091228,mobile,organic,13-05-2024 00:56,13-05-2024 01:08,714
S00000129,U0091228,mobile,paid_ads,17-08-2023 00:47,17-08-2023 00:49,97
S00000130,U0091228,tablet,organic,17-06-2024 20:51,17-06-2024 20:53,135
S00000131,U0091228,mobile,paid_ads,14-04-2023 21:29,14-04-2023 21:31,123
S00000132,U0091228,mobile,paid_ads,22-08-2023 16:08,22-08-2023 16:11,148
S00000133,U0091228,desktop,paid_ads,06-04-2023 12:56,06-04-2023 12:57,92
S00000134,U0091228,tablet,direct,24-01-2023 08:34,24-01-2023 08:38,259
S00000135,U0091228,mobile,referral,20-11-2023 08:05,20-11-2023 08:12,455
S00000136,U0091228,desktop,paid_ads,07-02-2024 14:39,07-02-2024 14:44,279
S00000137,U0091228,mobile,direct,31-01-2024 03:29,31-01-2024 03:33,262
S00000138,U0091228,desktop,organic,09-04-2024 02:26,09-04-2024 02:31,273
S00000139,U0091228,mobile,referral,15-01-2023 00:38,15-01-2023 00:41,186
S00000140,U0091228,mobile,paid_ads,03-05-2024 16:33,03-05-2024 16:36,205
S00000141,U0091228,mobile,referral,02-06-2024 03:40,02-06-2024 03:40,11
S00000142,U0091228,mobile,paid_ads,17-09-2023 20:00,17-09-2023 20:04,229
S00000143,U0091228,mobile,organic,08-11-2023 03:29,08-11-2023 03:38,522
S00000144,U0091228,mobile,organic,14-12-2023 01:18,14-12-2023 01:21,192
S00000145,U0091228,mobile,referral,31-03-2024 23:25,31-03-2024 23:31,353
S00000146,U0009946,mobile,organic,18-12-2023 18:23,18-12-2023 18:25,123
S00000147,U0091228,mobile,paid_ads,27-12-2023 05:09,27-12-2023 05:12,172
S00000148,U0091228,mobile,paid_ads,23-09-2023 01:25,23-09-2023 01:28,157
S00000149,U0091228,mobile,referral,06-02-2024 04:20,06-02-2024 04:30,615
S00000150,U0091228,desktop,referral,13-03-2023 05:46,13-03-2023 05:47,55
S00000151,U0031031,tablet,organic,10-04-2024 22:20,10-04-2024 22:20,30
S00000152,U0091228,mobile,paid_ads,17-06-2023 01:45,17-06-2023 01:53,480
S00000153,U0091228,mobile,referral,27-03-2024 17:42,27-03-2024 17:53,640
S00000154,U0091228,mobile,paid_ads,17-08-2023 20:05,17-08-2023 20:06,68
S00000155,U0050228,mobile,referral,08-04-2024 02:49,08-04-2024 02:57,528
S00000156,U0091228,mobile,organic,08-01-2024 20:19,08-01-2024 20:22,181
S00000157,U0009744,mobile,organic,26-04-2023 15:18,26-04-2023 15:21,189
S00000158,U0091228,mobile,paid_ads,16-06-2024 13:42,16-06-2024 13:47,293
S00000159,U0091228,mobile,organic,25-07-2023 11:08,25-07-2023 11:12,226
S00000160,U0091228,mobile,referral,03-06-2024 08:58,03-06-2024 09:01,204
S00000161,U0091228,desktop,organic,26-06-2024 00:01,26-06-2024 00:05,219
S00000162,U0091228,mobile,paid_ads,08-02-2023 05:17,08-02-2023 05:23,363
S00000163,U0091228,mobile,referral,14-06-2024 13:17,14-06-2024 13:20,213
S00000164,U0053422,desktop,referral,16-07-2023 08:33,16-07-2023 08:39,374
S00000165,U0091228,desktop,direct,12-12-2023 10:45,12-12-2023 10:48,213
S00000166,U0091228,mobile,direct,16-01-2024 05:33,16-01-2024 05:34,91
S00000167,U0091228,desktop,paid_ads,28-03-2023 20:15,28-03-2023 20:18,188
S00000168,U0091228,desktop,organic,25-02-2023 23:58,26-02-2023 00:03,292
S00000169,U0091228,desktop,paid_ads,20-01-2023 21:34,20-01-2023 21:39,263
S00000170,U0091228,mobile,paid_ads,28-05-2023 16:38,28-05-2023 16:39,110
S00000171,U0091228,mobile,referral,03-08-2023 17:55,03-08-2023 17:58,156
S00000172,U0091228,desktop,organic,04-04-2023 09:09,04-04-2023 09:14,296
S00000173,U0091228,desktop,referral,29-09-2023 19:24,29-09-2023 19:25,62
S00000174,U0067397,desktop,paid_ads,05-01-2024 01:27,05-01-2024 01:31,198
S00000175,U0091228,mobile,direct,14-02-2024 13:55,14-02-2024 13:57,151
S00000176,U0091228,desktop,organic,21-04-2024 07:04,21-04-2024 07:13,499
S00000177,U0091228,mobile,organic,02-06-2024 21:28,02-06-2024 21:39,700
S00000178,U0091228,mobile,referral,27-05-2023 23:06,27-05-2023 23:12,359
S00000179,U0091228,desktop,referral,24-01-2023 18:07,24-01-2023 18:07,11
S00000180,U0091228,mobile,paid_ads,15-12-2023 05:28,15-12-2023 05:29,22
S00000181,U0091228,mobile,organic,25-04-2024 03:51,25-04-2024 04:01,615
S00000182,U0091228,desktop,paid_ads,19-01-2024 08:27,19-01-2024 08:29,67
S00000183,U0091228,mobile,organic,25-06-2023 10:23,25-06-2023 10:30,388
S00000184,U0091228,mobile,paid_ads,18-02-2023 22:43,18-02-2023 22:45,112
S00000185,U0091228,desktop,paid_ads,30-04-2024 00:09,30-04-2024 00:18,532
S00000186,U0091228,desktop,organic,27-01-2024 22:54,27-01-2024 22:57,193
S00000187,U0074716,tablet,paid_ads,30-06-2023 08:32,30-06-2023 08:35,183
S00000188,U0091228,tablet,direct,24-01-2023 13:16,24-01-2023 13:26,627
S00000189,U0069819,tablet,direct,29-01-2024 19:05,29-01-2024 19:07,125
S00000190,U0091228,desktop,paid_ads,22-04-2024 02:12,22-04-2024 02:18,373
S00000191,U0091228,tablet,organic,30-03-2023 21:56,30-03-2023 21:58,91
S00000192,U0091228,mobile,organic,08-10-2023 09:34,08-10-2023 09:39,316
S00000193,U0091228,mobile,referral,09-02-2024 16:43,09-02-2024 16:43,30
S00000194,U0091228,desktop,paid_ads,29-06-2023 06:22,29-06-2023 06:22,22
S00000195,U0074716,mobile,paid_ads,21-11-2023 01:17,21-11-2023 01:20,124
S00000196,U0091228,desktop,organic,08-01-2024 00:10,08-01-2024 00:13,170
S00000197,U0085469,mobile,organic,03-02-2024 19:53,03-02-2024 19:56,168
S00000198,U0091228,desktop,organic,28-01-2024 02:23,28-01-2024 02:33,620
S00000199,U0091228,tablet,organic,19-02-2023 21:07,19-02-2023 21:10,213
S00000200,U0091228,mobile,organic,22-05-2024 22:50,22-05-2024 22:53,152
S00000201,U0091228,desktop,paid_ads,20-01-2023 01:09,20-01-2023 01:13,265
S00000202,U0091228,mobile,organic,02-02-2023 23:19,02-02-2023 23:20,66
S00000203,U0091228,mobile,referral,23-08-2023 07:35,23-08-2023 07:43,459
S00000204,U0091228,mobile,paid_ads,28-04-2023 04:33,28-04-2023 04:36,197
S00000205,U0091228,desktop,paid_ads,02-01-2024 11:46,02-01-2024 11:50,252
S00000206,U0091228,mobile,organic,16-12-2023 16:45,16-12-2023 16:46,13
S00000207,U0091228,mobile,organic,25-02-2023 07:21,25-02-2023 07:30,528
S00000208,U0091228,desktop,organic,20-06-2024 13:54,20-06-2024 13:56,100
S00000209,U0085469,desktop,paid_ads,03-02-2023 21:26,03-02-2023 21:31,282
S00000210,U0091228,mobile,paid_ads,04-04-2024 03:47,04-04-2024 03:48,41
S00000211,U0091228,mobile,referral,14-07-2023 05:44,14-07-2023 05:48,209
S00000212,U0091228,mobile,referral,04-02-2023 00:05,04-02-2023 00:08,212
S00000213,U0091228,mobile,referral,12-12-2023 14:09,12-12-2023 14:12,143
S00000214,U0091228,mobile,direct,23-09-2023 04:05,23-09-2023 04:14,554
S00000215,U0091228,mobile,direct,08-09-2023 00:20,08-09-2023 00:23,199
S00000216,U0009946,mobile,direct,20-06-2023 06:29,20-06-2023 06:35,402
S00000217,U0091228,mobile,organic,05-02-2023 11:49,05-02-2023 11:58,559
S00000218,U0091228,desktop,paid_ads,27-11-2023 19:23,27-11-2023 19:32,546
S00000219,U0091228,mobile,paid_ads,13-06-2024 00:01,13-06-2024 00:05,216
S00000220,U0091228,mobile,organic,18-10-2023 22:16,18-10-2023 22:18,148
S00000221,U0091228,desktop,direct,07-02-2023 04:13,07-02-2023 04:18,269
S00000222,U0009946,desktop,referral,01-06-2024 16:57,01-06-2024 17:01,231
S00000223,U0091228,mobile,paid_ads,08-08-2023 15:52,08-08-2023 15:52,30
S00000224,U0079573,desktop,organic,19-03-2024 11:23,19-03-2024 11:27,212
S00000225,U0091228,tablet,organic,28-04-2023 05:37,28-04-2023 05:41,286
S00000226,U0091228,desktop,organic,18-10-2023 12:37,18-10-2023 12:42,290
S00000227,U0091228,desktop,organic,19-09-2023 22:22,19-09-2023 22:25,157
S00000228,U0091228,mobile,organic,10-05-2023 23:13,10-05-2023 23:23,623
S00000229,U0091228,desktop,referral,04-09-2023 00:08,04-09-2023 00:22,856
S00000230,U0091228,mobile,organic,01-08-2023 17:34,01-08-2023 17:36,161
S00000231,U0091228,tablet,paid_ads,22-01-2024 11:29,22-01-2024 11:31,112
S00000232,U0091228,tablet,organic,22-02-2024 14:33,22-02-2024 14:36,182
S00000233,U0091228,desktop,direct,15-06-2024 00:42,15-06-2024 00:45,202
S00000234,U0091228,mobile,paid_ads,08-05-2023 05:49,08-05-2023 05:50,63
S00000235,U0091228,mobile,organic,17-12-2023 16:39,17-12-2023 16:41,94
S00000236,U0091228,desktop,organic,06-04-2024 14:42,06-04-2024 14:45,184
S00000237,U0091228,mobile,paid_ads,23-03-2023 16:32,23-03-2023 16:33,33
S00000238,U0091228,mobile,organic,31-07-2023 03:57,31-07-2023 03:59,74
S00000239,U0091228,desktop,paid_ads,10-06-2023 16:02,10-06-2023 16:09,378
S00000240,U0091228,tablet,direct,24-05-2024 22:32,24-05-2024 22:37,286
S00000241,U0091228,mobile,paid_ads,27-02-2024 03:10,27-02-2024 03:11,82
S00000242,U0091228,mobile,organic,28-03-2024 22:48,28-03-2024 22:59,614
S00000243,U0091228,mobile,organic,27-04-2024 01:08,27-04-2024 01:14,385
S00000244,U0091228,mobile,organic,29-04-2024 16:48,29-04-2024 16:50,126
S00000245,U0091228,desktop,direct,28-11-2023 12:31,28-11-2023 12:40,534
S00000246,U0091228,desktop,direct,23-08-2023 18:54,23-08-2023 18:56,119
S00000247,U0091228,desktop,organic,28-05-2024 02:23,28-05-2024 02:26,208
S00000248,U0009744,desktop,organic,26-04-2024 08:18,26-04-2024 08:22,213
S00000249,U0091228,mobile,referral,22-12-2023 08:06,22-12-2023 08:06,17
S00000250,U0091228,desktop,organic,24-02-2023 07:24,24-02-2023 07:32,493
S00000251,U0091228,tablet,referral,15-12-2023 20:45,15-12-2023 20:52,408
S00000252,U0091228,desktop,referral,15-02-2023 04:02,15-02-2023 04:06,240
S00000253,U0091228,tablet,direct,28-02-2024 21:59,28-02-2024 22:07,463
S00000254,U0091228,desktop,organic,29-03-2023 16:19,29-03-2023 16:30,661
S00000255,U0091228,desktop,paid_ads,01-05-2024 13:45,01-05-2024 13:57,713
S00000256,U0091228,mobile,paid_ads,19-09-2023 00:34,19-09-2023 00:36,160
S00000257,U0009744,tablet,direct,05-12-2023 22:39,05-12-2023 22:40,31
S00000258,U0091228,mobile,direct,17-03-2024 04:12,17-03-2024 04:15,170
S00000259,U0017163,desktop,organic,12-09-2023 13:05,12-09-2023 13:06,82
S00000260,U0091228,desktop,direct,21-05-2023 05:33,21-05-2023 05:37,250
S00000261,U0091228,desktop,paid_ads,02-11-2023 15:40,02-11-2023 15:45,264
S00000262,U0091228,mobile,referral,13-03-2024 10:19,13-03-2024 10:22,196
S00000263,U0091228,desktop,organic,17-01-2023 02:36,17-01-2023 02:41,295
S00000264,U0091228,desktop,organic,24-07-2023 11:14,24-07-2023 11:20,337
S00000265,U0091228,desktop,organic,05-12-2023 13:17,05-12-2023 13:19,91
S00000266,U0091228,desktop,paid_ads,19-03-2023 00:23,19-03-2023 00:26,153
S00000267,U0091228,mobile,referral,05-02-2024 16:56,05-02-2024 17:06,557
S00000268,U0085469,mobile,paid_ads,24-04-2023 10:09,24-04-2023 10:11,111
S00000269,U0091228,mobile,organic,18-03-2023 08:07,18-03-2023 08:13,384
S00000270,U0091228,mobile,paid_ads,25-07-2023 21:42,25-07-2023 21:44,151
S00000271,U0091228,desktop,paid_ads,29-08-2023 10:52,29-08-2023 10:53,107
S00000272,U0091228,mobile,organic,20-02-2024 06:01,20-02-2024 06:04,157
S00000273,U0091228,desktop,referral,16-07-2023 05:56,16-07-2023 06:02,322
S00000274,U0091228,desktop,organic,22-02-2023 09:28,22-02-2023 09:31,209
S00000275,U0091228,desktop,direct,28-02-2023 18:17,28-02-2023 18:18,61
S00000276,U0091228,mobile,organic,06-08-2023 07:53,06-08-2023 07:55,134
S00000277,U0091228,mobile,organic,07-08-2023 09:34,07-08-2023 09:37,141
S00000278,U0091228,mobile,referral,17-11-2023 02:50,17-11-2023 02:53,166
S00000279,U0091228,desktop,organic,05-06-2023 08:00,05-06-2023 08:08,452
S00000280,U0091228,mobile,paid_ads,03-09-2023 10:03,03-09-2023 10:06,172
S00000281,U0084997,mobile,referral,19-12-2023 14:09,19-12-2023 14:10,55
S00000282,U0091228,mobile,direct,07-10-2023 09:10,07-10-2023 09:12,130
S00000283,U0091228,desktop,direct,11-03-2023 01:15,11-03-2023 01:16,92
S00000284,U0091228,mobile,paid_ads,23-01-2024 11:44,23-01-2024 11:47,172
S00000285,U0091228,mobile,direct,05-04-2023 10:41,05-04-2023 10:44,140
S00000286,U0091228,desktop,paid_ads,23-03-2023 20:36,23-03-2023 20:45,503
S00000287,U0091228,mobile,organic,27-04-2024 15:25,27-04-2024 15:28,176
S00000288,U0091228,desktop,direct,10-04-2024 21:07,10-04-2024 21:12,274
S00000289,U0091228,desktop,organic,21-03-2023 08:34,21-03-2023 08:38,222
S00000290,U0091228,mobile,paid_ads,10-02-2024 02:51,10-02-2024 02:54,154
S00000291,U0091228,desktop,direct,11-04-2023 00:52,11-04-2023 00:52,37
S00000292,U0091228,desktop,organic,19-01-2023 14:41,19-01-2023 14:45,220
S00000293,U0009744,mobile,referral,28-02-2023 06:27,28-02-2023 06:30,195
S00000294,U0091228,mobile,paid_ads,02-01-2023 04:22,02-01-2023 04:29,385
S00000295,U0091228,mobile,paid_ads,05-05-2023 09:35,05-05-2023 09:35,42
S00000296,U0091228,desktop,referral,03-11-2023 15:04,03-11-2023 15:10,368
S00000297,U0091228,mobile,direct,01-03-2023 08:45,01-03-2023 08:47,132
S00000298,U0050228,tablet,referral,10-02-2023 15:09,10-02-2023 15:14,258
S00000299,U0085469,mobile,organic,06-06-2024 08:40,06-06-2024 08:46,343
S00000300,U0091228,mobile,referral,29-07-2023 16:24,29-07-2023 16:24,19
S00000301,U0091228,desktop,paid_ads,23-02-2024 09:10,23-02-2024 09:14,214
S00000302,U0091228,mobile,direct,01-04-2023 08:57,01-04-2023 08:59,82
S00000303,U0091228,mobile,organic,08-02-2024 21:39,08-02-2024 21:44,328
S00000304,U0091228,mobile,organic,23-03-2024 15:42,23-03-2024 15:44,120
S00000305,U0091228,mobile,organic,10-04-2024 13:52,10-04-2024 13:59,458
S00000306,U0091228,mobile,organic,15-09-2023 05:24,15-09-2023 05:26,112
S00000307,U0091228,mobile,referral,29-06-2024 01:39,29-06-2024 01:41,130
S00000308,U0091228,tablet,paid_ads,21-03-2023 03:49,21-03-2023 03:54,297
S00000309,U0091228,mobile,organic,25-02-2023 02:37,25-02-2023 02:40,154
S00000310,U0091228,desktop,organic,07-04-2023 17:47,07-04-2023 17:52,287
S00000311,U0091228,mobile,paid_ads,14-01-2024 10:51,14-01-2024 10:56,289
S00000312,U0091228,desktop,direct,24-04-2024 05:10,24-04-2024 05:13,178
S00000313,U0091228,mobile,organic,27-11-2023 00:33,27-11-2023 00:33,11
S00000314,U0091228,mobile,paid_ads,30-03-2023 15:35,30-03-2023 15:39,239
S00000315,U0091228,mobile,referral,05-11-2023 08:10,05-11-2023 08:16,390
S00000316,U0091228,mobile,organic,13-05-2023 02:33,13-05-2023 02:33,24
S00000317,U0091228,mobile,direct,25-03-2023 23:46,25-03-2023 23:47,33
S00000318,U0091228,mobile,direct,01-02-2024 21:23,01-02-2024 21:26,174
S00000319,U0091228,desktop,direct,30-05-2023 23:06,30-05-2023 23:08,168
S00000320,U0091228,desktop,referral,06-06-2023 19:33,06-06-2023 19:33,16
S00000321,U0091228,mobile,direct,29-12-2023 00:08,29-12-2023 00:08,14
S00000322,U0091228,mobile,organic,23-05-2023 08:40,23-05-2023 08:49,545
S00000323,U0091228,tablet,paid_ads,16-06-2024 22:47,16-06-2024 22:47,9
S00000324,U0091228,desktop,referral,22-02-2024 21:58,22-02-2024 22:02,207
S00000325,U0091228,mobile,organic,05-09-2023 19:28,05-09-2023 19:30,117
S00000326,U0091228,mobile,paid_ads,20-11-2023 23:11,20-11-2023 23:14,183
S00000327,U0091228,desktop,organic,01-05-2024 05:43,01-05-2024 05:52,574
S00000328,U0091228,mobile,direct,08-03-2023 15:15,08-03-2023 15:19,229
S00000329,U0091228,mobile,referral,19-06-2023 03:19,19-06-2023 03:21,110
S00000330,U0091228,mobile,organic,18-07-2023 14:40,18-07-2023 14:43,182
S00000331,U0091228,mobile,organic,06-11-2023 02:22,06-11-2023 02:24,140
S00000332,U0091228,desktop,organic,05-03-2023 10:50,05-03-2023 10:53,227
S00000333,U0091228,mobile,referral,26-11-2023 06:09,26-11-2023 06:09,7
S00000334,U0091228,mobile,paid_ads,16-10-2023 00:56,16-10-2023 00:57,77
S00000335,U0091228,tablet,organic,17-05-2024 20:53,17-05-2024 20:56,152
S00000336,U0063655,mobile,organic,20-07-2023 02:18,20-07-2023 02:22,233
S00000337,U0091228,mobile,referral,25-07-2023 20:00,25-07-2023 20:01,33
S00000338,U0091228,desktop,referral,10-07-2023 13:02,10-07-2023 13:07,278
S00000339,U0091228,desktop,direct,31-01-2024 23:00,31-01-2024 23:10,619
S00000340,U0091228,mobile,referral,20-02-2024 04:06,20-02-2024 04:09,165
S00000341,U0091228,mobile,direct,27-01-2024 17:33,27-01-2024 17:37,211
S00000342,U0091228,desktop,organic,13-08-2023 09:44,13-08-2023 09:47,204
S00000343,U0091228,mobile,organic,07-05-2023 01:02,07-05-2023 01:11,492
S00000344,U0091228,mobile,organic,19-05-2023 12:33,19-05-2023 12:36,185
S00000345,U0091228,mobile,organic,04-10-2023 11:35,04-10-2023 11:37,161
S00000346,U0091228,mobile,paid_ads,23-06-2024 04:08,23-06-2024 04:11,193
S00000347,U0091228,desktop,organic,15-07-2023 10:37,15-07-2023 10:39,138
S00000348,U0091228,tablet,direct,03-03-2023 19:47,03-03-2023 19:49,133
S00000349,U0091228,desktop,organic,07-03-2023 20:47,07-03-2023 20:53,336
S00000350,U0091228,desktop,paid_ads,14-01-2024 08:57,14-01-2024 09:01,243
S00000351,U0091228,desktop,paid_ads,04-03-2023 02:47,04-03-2023 02:56,562
S00000352,U0091228,tablet,paid_ads,30-06-2023 22:00,30-06-2023 22:05,269
S00000353,U0091228,desktop,paid_ads,12-11-2023 12:21,12-11-2023 12:25,209
S00000354,U0091228,mobile,paid_ads,14-03-2023 05:35,14-03-2023 05:37,103
S00000355,U0091228,desktop,paid_ads,14-07-2023 00:16,14-07-2023 00:17,81
S00000356,U0091228,mobile,direct,21-10-2023 02:00,21-10-2023 02:03,147
S00000357,U0091228,mobile,paid_ads,03-04-2024 02:10,03-04-2024 02:13,145
S00000358,U0091228,mobile,organic,01-07-2023 19:23,01-07-2023 19:26,179
S00000359,U0009744,mobile,paid_ads,23-04-2023 09:22,23-04-2023 09:23,66
S00000360,U0091228,mobile,organic,03-05-2024 01:31,03-05-2024 01:31,33
S00000361,U0091228,desktop,paid_ads,14-04-2023 01:32,14-04-2023 01:32,29
S00000362,U0091228,desktop,organic,08-02-2023 18:01,08-02-2023 18:14,800
S00000363,U0091228,mobile,direct,20-01-2024 21:13,20-01-2024 21:17,235
S00000364,U0091228,mobile,paid_ads,30-11-2023 03:05,30-11-2023 03:09,216
S00000365,U0091228,mobile,organic,06-08-2023 19:56,06-08-2023 20:07,651
S00000366,U0091228,tablet,organic,08-01-2024 00:45,08-01-2024 00:47,136
S00000367,U0091228,mobile,direct,22-10-2023 05:06,22-10-2023 05:15,525
S00000368,U0096653,tablet,organic,26-06-2024 14:56,26-06-2024 15:05,500
S00000369,U0091228,mobile,paid_ads,10-07-2023 20:39,10-07-2023 20:42,179
S00000370,U0091228,mobile,direct,18-03-2023 20:56,18-03-2023 21:00,198
S00000371,U0091228,desktop,organic,03-05-2024 15:36,03-05-2024 15:40,255
S00000372,U0091228,tablet,organic,02-06-2023 05:56,02-06-2023 06:00,216
S00000373,U0091228,mobile,paid_ads,27-10-2023 17:23,27-10-2023 17:25,122
S00000374,U0091228,mobile,paid_ads,26-07-2023 19:01,26-07-2023 19:01,24
S00000375,U0091228,mobile,organic,22-07-2023 15:35,22-07-2023 15:38,159
S00000376,U0042026,desktop,organic,11-03-2024 05:46,11-03-2024 05:50,214
S00000377,U0091228,mobile,organic,30-05-2024 08:34,30-05-2024 08:35,88
S00000378,U0091228,desktop,paid_ads,24-07-2023 04:14,24-07-2023 04:19,296
S00000379,U0039168,tablet,paid_ads,08-03-2023 00:52,08-03-2023 00:59,431
S00000380,U0091228,desktop,paid_ads,09-08-2023 16:18,09-08-2023 16:22,246
S00000381,U0091228,mobile,direct,24-08-2023 19:49,24-08-2023 19:52,139
S00000382,U0091228,mobile,organic,24-10-2023 17:41,24-10-2023 17:43,106
S00000383,U0091228,mobile,direct,29-03-2023 04:58,29-03-2023 04:59,86
S00000384,U0091228,mobile,referral,22-01-2024 20:03,22-01-2024 20:08,326
S00000385,U0091228,mobile,paid_ads,19-04-2023 02:19,19-04-2023 02:23,203
S00000386,U0091228,mobile,paid_ads,29-06-2024 02:22,29-06-2024 02:25,175
S00000387,U0091228,mobile,organic,03-02-2023 12:30,03-02-2023 12:34,239
S00000388,U0091228,mobile,direct,08-06-2023 08:54,08-06-2023 09:06,757
S00000389,U0091228,mobile,organic,13-03-2024 21:30,13-03-2024 21:32,121
S00000390,U0091228,desktop,organic,02-08-2023 01:04,02-08-2023 01:09,311
S00000391,U0050228,desktop,paid_ads,30-11-2023 17:09,30-11-2023 17:12,140
S00000392,U0091228,tablet,organic,01-04-2023 17:18,01-04-2023 17:20,99
S00000393,U0091228,mobile,paid_ads,26-11-2023 10:39,26-11-2023 10:43,220
S00000394,U0091228,mobile,referral,05-09-2023 03:29,05-09-2023 03:34,323
S00000395,U0057134,desktop,organic,02-03-2024 06:08,02-03-2024 06:09,95
S00000396,U0091228,mobile,referral,29-05-2023 18:19,29-05-2023 18:21,147
S00000397,U0009946,desktop,organic,17-07-2023 09:29,17-07-2023 09:29,14
S00000398,U0091228,mobile,referral,04-01-2023 19:03,04-01-2023 19:08,296
S00000399,U0091228,mobile,organic,03-05-2023 20:52,03-05-2023 20:55,135
S00000400,U0091228,desktop,organic,09-05-2024 18:47,09-05-2024 18:55,435
S00000401,U0091228,mobile,organic,28-09-2023 06:30,28-09-2023 06:33,174
S00000402,U0057134,tablet,paid_ads,10-05-2024 10:01,10-05-2024 10:02,54
S00000403,U0091228,mobile,paid_ads,21-05-2024 01:53,21-05-2024 01:53,41
S00000404,U0027286,mobile,referral,26-01-2024 20:56,26-01-2024 20:59,203
S00000405,U0091228,mobile,paid_ads,27-12-2023 17:32,27-12-2023 17:36,209
S00000406,U0091228,desktop,organic,14-02-2024 00:46,14-02-2024 00:48,170
S00000407,U0091228,mobile,paid_ads,20-10-2023 11:10,20-10-2023 11:10,11
S00000408,U0091228,desktop,direct,21-07-2023 21:57,21-07-2023 22:08,682
S00000409,U0029007,desktop,paid_ads,21-08-2023 15:13,21-08-2023 15:18,285
S00000410,U0091228,desktop,organic,26-10-2023 11:39,26-10-2023 11:44,293
S00000411,U0091228,mobile,organic,20-11-2023 13:12,20-11-2023 13:17,271
S00000412,U0091228,desktop,organic,07-12-2023 14:19,07-12-2023 14:25,394
S00000413,U0057134,desktop,paid_ads,27-03-2023 22:43,27-03-2023 22:44,57
S00000414,U0091228,mobile,organic,15-11-2023 02:17,15-11-2023 02:21,272
S00000415,U0091228,mobile,organic,22-04-2023 15:43,22-04-2023 15:45,121
S00000416,U0091228,mobile,organic,02-10-2023 20:48,02-10-2023 20:51,177
S00000417,U0091228,desktop,direct,27-07-2023 17:48,27-07-2023 17:53,264
S00000418,U0091228,mobile,paid_ads,02-01-2024 01:02,02-01-2024 01:10,469
S00000419,U0091228,desktop,organic,08-01-2024 03:12,08-01-2024 03:24,699
S00000420,U0091228,mobile,referral,21-09-2023 05:04,21-09-2023 05:04,34
S00000421,U0091228,desktop,paid_ads,02-07-2023 06:42,02-07-2023 06:43,54
S00000422,U0091228,desktop,organic,04-04-2024 13:21,04-04-2024 13:25,188
S00000423,U0091228,mobile,direct,23-04-2023 20:42,23-04-2023 20:51,514
S00000424,U0091228,mobile,paid_ads,25-03-2023 10:43,25-03-2023 10:45,134
S00000425,U0091228,mobile,direct,19-07-2023 15:04,19-07-2023 15:05,76
S00000426,U0091228,mobile,direct,10-11-2023 18:59,10-11-2023 19:01,106
S00000427,U0091228,mobile,paid_ads,10-12-2023 09:08,10-12-2023 09:11,170
S00000428,U0091228,mobile,paid_ads,24-08-2023 02:55,24-08-2023 02:58,127
S00000429,U0091228,mobile,organic,23-01-2024 09:01,23-01-2024 09:04,211
S00000430,U0091228,mobile,referral,25-04-2024 00:36,25-04-2024 00:38,110
S00000431,U0087687,mobile,referral,04-08-2023 21:20,04-08-2023 21:27,391
S00000432,U0091228,tablet,referral,27-11-2023 23:17,27-11-2023 23:20,179
S00000433,U0091228,mobile,paid_ads,02-06-2024 05:13,02-06-2024 05:14,50
S00000434,U0091228,mobile,organic,05-04-2023 21:45,05-04-2023 21:49,238
S00000435,U0091228,mobile,paid_ads,28-11-2023 20:05,28-11-2023 20:07,145
S00000436,U0084997,mobile,organic,17-11-2023 18:26,17-11-2023 18:26,23
S00000437,U0016194,desktop,organic,08-09-2023 05:49,08-09-2023 05:52,183
S00000438,U0091228,mobile,paid_ads,07-08-2023 14:57,07-08-2023 14:59,75
S00000439,U0091228,desktop,organic,18-03-2024 22:39,18-03-2024 22:42,182
S00000440,U0007700,mobile,paid_ads,16-02-2024 02:56,16-02-2024 02:59,184
S00000441,U0091228,tablet,referral,18-11-2023 20:33,18-11-2023 20:37,249
S00000442,U0091228,mobile,organic,15-12-2023 18:02,15-12-2023 18:13,682
S00000443,U0091228,desktop,organic,07-09-2023 02:44,07-09-2023 02:46,100
S00000444,U0091228,mobile,paid_ads,03-06-2023 01:45,03-06-2023 01:46,60
S00000445,U0091228,mobile,organic,18-05-2024 08:19,18-05-2024 08:28,539
S00000446,U0091228,mobile,paid_ads,09-06-2023 10:22,09-06-2023 10:26,218
S00000447,U0091228,desktop,paid_ads,02-02-2024 11:07,02-02-2024 11:15,459
S00000448,U0091228,mobile,organic,03-01-2024 10:56,03-01-2024 10:59,187
S00000449,U0091228,desktop,referral,24-05-2023 13:21,24-05-2023 13:32,688
S00000450,U0091228,desktop,direct,19-02-2023 12:35,19-02-2023 12:38,154
S00000451,U0091228,mobile,organic,21-05-2024 05:29,21-05-2024 05:38,551
S00000452,U0091228,mobile,organic,11-11-2023 16:29,11-11-2023 16:31,110
S00000453,U0091228,mobile,paid_ads,13-01-2023 10:49,13-01-2023 10:50,105
S00000454,U0091228,mobile,referral,12-07-2023 19:14,12-07-2023 19:16,139
S00000455,U0091228,desktop,organic,09-05-2023 14:56,09-05-2023 15:05,539
S00000456,U0074716,desktop,paid_ads,10-01-2023 00:06,10-01-2023 00:09,172
S00000457,U0091228,mobile,referral,08-09-2023 23:04,08-09-2023 23:09,283
S00000458,U0091228,desktop,direct,04-02-2023 17:13,04-02-2023 17:21,499
S00000459,U0091228,desktop,organic,20-10-2023 19:10,20-10-2023 19:13,228
S00000460,U0091228,mobile,referral,24-09-2023 06:41,24-09-2023 06:42,81
S00000461,U0091228,mobile,organic,08-03-2023 04:44,08-03-2023 04:46,82
S00000462,U0091228,mobile,organic,01-03-2023 03:59,01-03-2023 04:02,137
S00000463,U0091228,mobile,referral,18-02-2023 07:06,18-02-2023 07:10,205
S00000464,U0091228,mobile,organic,13-10-2023 10:22,13-10-2023 10:33,636
S00000465,U0091228,tablet,paid_ads,08-08-2023 10:43,08-08-2023 10:49,320
S00000466,U0091228,mobile,referral,31-05-2023 04:06,31-05-2023 04:09,183
S00000467,U0091228,desktop,referral,28-04-2023 07:04,28-04-2023 07:14,601
S00000468,U0091228,tablet,paid_ads,19-09-2023 07:36,19-09-2023 07:39,183
S00000469,U0091228,desktop,referral,06-04-2024 12:27,06-04-2024 12:29,155
S00000470,U0091228,mobile,organic,07-11-2023 10:07,07-11-2023 10:10,179
S00000471,U0091228,desktop,paid_ads,21-10-2023 06:57,21-10-2023 07:00,173
S00000472,U0091228,mobile,paid_ads,25-01-2024 20:31,25-01-2024 20:37,331
S00000473,U0091228,mobile,referral,17-07-2023 13:34,17-07-2023 13:37,124
S00000474,U0091228,mobile,paid_ads,20-06-2023 02:55,20-06-2023 02:58,221
S00000475,U0091228,mobile,paid_ads,02-05-2023 08:17,02-05-2023 08:19,138
S00000476,U0091228,desktop,referral,17-07-2023 01:13,17-07-2023 01:14,14
S00000477,U0091228,desktop,paid_ads,05-04-2024 18:55,05-04-2024 18:59,221
S00000478,U0091228,desktop,paid_ads,11-05-2024 09:30,11-05-2024 09:35,270
S00000479,U0091228,mobile,referral,24-06-2023 09:30,24-06-2023 09:31,100
S00000480,U0091228,mobile,paid_ads,18-04-2024 16:03,18-04-2024 16:06,155
S00000481,U0091228,desktop,paid_ads,08-06-2023 16:40,08-06-2023 16:46,408
S00000482,U0091228,tablet,paid_ads,10-01-2023 02:41,10-01-2023 02:45,205
S00000483,U0091228,desktop,paid_ads,19-04-2024 12:32,19-04-2024 12:38,323
S00000484,U0091228,desktop,organic,05-08-2023 14:16,05-08-2023 14:21,283
S00000485,U0091228,mobile,organic,25-02-2024 08:04,25-02-2024 08:13,547
S00000486,U0091228,desktop,referral,26-07-2023 21:39,26-07-2023 21:40,77
S00000487,U0091228,mobile,paid_ads,28-03-2023 16:11,28-03-2023 16:13,106
S00000488,U0091228,mobile,organic,12-02-2023 21:15,12-02-2023 21:17,140
S00000489,U0091228,mobile,organic,19-06-2024 04:50,19-06-2024 04:51,46
S00000490,U0091228,desktop,paid_ads,09-02-2024 02:00,09-02-2024 02:06,321
S00000491,U0091228,desktop,direct,09-02-2024 14:22,09-02-2024 14:35,769
S00000492,U0009946,mobile,paid_ads,18-04-2023 09:20,18-04-2023 09:27,400
S00000493,U0091228,tablet,paid_ads,20-02-2024 00:05,20-02-2024 00:07,151
S00000494,U0091228,mobile,organic,26-08-2023 08:39,26-08-2023 08:44,331
S00000495,U0091228,desktop,paid_ads,26-04-2024 01:39,26-04-2024 01:40,84
S00000496,U0091228,desktop,organic,17-11-2023 19:20,17-11-2023 19:22,101
S00000497,U0091228,mobile,referral,25-05-2024 14:04,25-05-2024 14:10,357
S00000498,U0091228,mobile,direct,05-10-2023 23:57,06-10-2023 00:01,244
S00000499,U0085469,mobile,direct,31-12-2023 12:13,31-12-2023 12:16,201
S00000500,U0091228,mobile,direct,10-10-2023 13:30,10-10-2023 13:30,9
S00000501,U0074716,mobile,referral,23-06-2023 00:15,23-06-2023 00:17,110
S00000502,U0091228,mobile,organic,20-04-2023 17:43,20-04-2023 17:45,118
S00000503,U0091228,mobile,paid_ads,09-10-2023 08:37,09-10-2023 08:37,36
S00000504,U0091228,mobile,organic,19-02-2023 13:55,19-02-2023 13:58,168
S00000505,U0091228,mobile,paid_ads,29-09-2023 04:12,29-09-2023 04:13,17
S00000506,U0091228,mobile,paid_ads,31-05-2023 02:31,31-05-2023 02:33,83
S00000507,U0091228,mobile,paid_ads,29-02-2024 23:38,29-02-2024 23:41,213
S00000508,U0091228,mobile,direct,22-11-2023 19:58,22-11-2023 20:00,116
S00000509,U0091228,desktop,organic,08-03-2023 20:49,08-03-2023 20:51,120
S00000510,U0091228,mobile,paid_ads,02-09-2023 18:48,02-09-2023 18:50,120
S00000511,U0091228,mobile,organic,24-03-2024 04:12,24-03-2024 04:13,90
S00000512,U0091228,desktop,organic,14-04-2024 08:19,14-04-2024 08:21,138
S00000513,U0091228,mobile,referral,21-06-2024 07:16,21-06-2024 07:16,47
S00000514,U0091228,mobile,direct,07-06-2024 10:15,07-06-2024 10:20,300
S00000515,U0091228,mobile,organic,26-06-2023 01:10,26-06-2023 01:14,235
S00000516,U0091228,mobile,paid_ads,28-12-2023 07:48,28-12-2023 07:52,242
S00000517,U0091228,mobile,direct,19-05-2023 19:20,19-05-2023 19:29,518
S00000518,U0091228,desktop,paid_ads,13-07-2023 07:28,13-07-2023 07:35,400
S00000519,U0091228,desktop,referral,07-02-2023 08:47,07-02-2023 08:50,204
S00000520,U0091228,mobile,organic,16-11-2023 07:23,16-11-2023 07:29,378
S00000521,U0091228,mobile,direct,23-08-2023 12:25,23-08-2023 12:35,592
S00000522,U0091228,mobile,organic,09-04-2023 17:44,09-04-2023 17:45,86
S00000523,U0026226,mobile,referral,19-01-2023 11:16,19-01-2023 11:18,151
S00000524,U0091228,desktop,organic,29-04-2023 03:25,29-04-2023 03:26,67
S00000525,U0091228,mobile,paid_ads,09-04-2023 10:39,09-04-2023 10:43,209
S00000526,U0079573,mobile,referral,20-10-2023 01:50,20-10-2023 01:52,151
S00000527,U0091228,mobile,organic,22-01-2023 15:50,22-01-2023 15:57,436
S00000528,U0091228,mobile,direct,20-06-2024 12:02,20-06-2024 12:04,117
S00000529,U0091228,mobile,direct,01-08-2023 22:07,01-08-2023 22:15,488
S00000530,U0091228,tablet,direct,03-09-2023 20:09,03-09-2023 20:12,166
S00000531,U0074716,desktop,organic,28-01-2023 10:43,28-01-2023 10:47,251
S00000532,U0091228,mobile,organic,24-10-2023 20:49,24-10-2023 20:51,130
S00000533,U0091228,desktop,referral,21-06-2024 06:39,21-06-2024 06:52,749
S00000534,U0091228,mobile,paid_ads,08-07-2023 21:40,08-07-2023 21:43,138
S00000535,U0049162,mobile,referral,23-06-2023 06:36,23-06-2023 06:36,12
S00000536,U0091228,desktop,paid_ads,04-05-2023 17:39,04-05-2023 17:43,227
S00000537,U0091228,mobile,direct,22-04-2024 00:18,22-04-2024 00:25,377
S00000538,U0091228,desktop,paid_ads,09-06-2024 00:42,09-06-2024 00:48,359
S00000539,U0091228,tablet,direct,17-10-2023 18:05,17-10-2023 18:08,178
S00000540,U0091228,mobile,organic,05-08-2023 05:33,05-08-2023 05:36,200
S00000541,U0091228,mobile,paid_ads,12-03-2024 19:48,12-03-2024 19:54,363
S00000542,U0091228,desktop,direct,07-09-2023 14:57,07-09-2023 14:59,146
S00000543,U0091228,mobile,organic,07-09-2023 21:36,07-09-2023 21:40,269
S00000544,U0091228,desktop,referral,12-01-2024 08:35,12-01-2024 08:45,630
S00000545,U0091228,mobile,organic,10-03-2024 06:05,10-03-2024 06:07,131
S00000546,U0091228,mobile,direct,19-01-2023 06:12,19-01-2023 06:14,127
S00000547,U0091228,mobile,organic,30-05-2024 06:50,30-05-2024 06:53,169
S00000548,U0091228,mobile,direct,04-04-2024 06:41,04-04-2024 06:55,814
S00000549,U0091228,desktop,referral,07-09-2023 15:17,07-09-2023 15:23,333
S00000550,U0091228,mobile,organic,17-06-2024 07:34,17-06-2024 07:37,132
S00000551,U0039168,mobile,organic,31-01-2024 17:16,31-01-2024 17:18,148
S00000552,U0091228,mobile,paid_ads,28-10-2023 10:43,28-10-2023 10:47,215
S00000553,U0031031,mobile,referral,11-04-2023 15:25,11-04-2023 15:27,118
S00000554,U0091228,mobile,referral,18-03-2023 03:13,18-03-2023 03:15,152
S00000555,U0091228,mobile,organic,15-12-2023 13:39,15-12-2023 13:42,185
S00000556,U0091228,tablet,paid_ads,03-03-2024 10:05,03-03-2024 10:13,476
S00000557,U0091228,desktop,paid_ads,01-06-2024 10:01,01-06-2024 10:10,552
S00000558,U0091228,desktop,organic,18-05-2024 02:32,18-05-2024 02:44,715
S00000559,U0091228,mobile,organic,16-02-2023 13:04,16-02-2023 13:07,182
S00000560,U0017657,mobile,referral,28-04-2023 10:06,28-04-2023 10:09,177
S00000561,U0091228,mobile,referral,30-09-2023 23:43,30-09-2023 23:45,138
S00000562,U0091228,desktop,direct,08-02-2024 05:57,08-02-2024 05:59,139
S00000563,U0091228,mobile,referral,17-12-2023 03:42,17-12-2023 03:46,232
S00000564,U0091228,tablet,referral,19-09-2023 19:38,19-09-2023 19:41,186
S00000565,U0091228,mobile,direct,01-04-2023 20:01,01-04-2023 20:08,409
S00000566,U0091228,mobile,organic,10-04-2024 00:47,10-04-2024 00:50,162
S00000567,U0091228,mobile,organic,23-08-2023 07:41,23-08-2023 07:51,625
S00000568,U0091228,desktop,organic,24-06-2024 11:29,24-06-2024 11:32,193
S00000569,U0009744,desktop,paid_ads,30-08-2023 12:56,30-08-2023 12:56,15
S00000570,U0091228,mobile,paid_ads,15-03-2023 13:58,15-03-2023 14:01,156
S00000571,U0091228,mobile,direct,23-06-2024 11:58,23-06-2024 11:59,52
S00000572,U0091228,mobile,direct,06-04-2023 03:50,06-04-2023 03:59,535
S00000573,U0091228,desktop,paid_ads,13-10-2023 16:10,13-10-2023 16:16,309
S00000574,U0091228,mobile,paid_ads,03-05-2024 06:22,03-05-2024 06:25,207
S00000575,U0091228,mobile,direct,06-06-2023 07:15,06-06-2023 07:17,144
S00000576,U0091228,mobile,direct,15-08-2023 08:06,15-08-2023 08:09,182
S00000577,U0091228,desktop,organic,19-05-2023 16:06,19-05-2023 16:07,54
S00000578,U0091228,desktop,organic,25-05-2023 19:21,25-05-2023 19:31,621
S00000579,U0091228,mobile,direct,18-06-2023 18:31,18-06-2023 18:34,211
S00000580,U0091228,mobile,referral,05-05-2024 18:17,05-05-2024 18:18,61
S00000581,U0091228,tablet,organic,07-06-2023 00:59,07-06-2023 01:01,100
S00000582,U0091228,desktop,organic,25-01-2023 06:50,25-01-2023 07:01,640
S00000583,U0091228,desktop,paid_ads,12-11-2023 22:33,12-11-2023 22:36,198
S00000584,U0091228,desktop,organic,20-02-2023 18:51,20-02-2023 18:57,362
S00000585,U0091228,desktop,organic,22-09-2023 22:06,22-09-2023 22:09,142
S00000586,U0091228,desktop,referral,20-03-2024 04:37,20-03-2024 04:46,538
S00000587,U0091228,mobile,organic,19-07-2023 20:55,19-07-2023 20:58,195
S00000588,U0091228,mobile,direct,06-08-2023 12:12,06-08-2023 12:16,217
S00000589,U0091228,mobile,organic,21-10-2023 13:54,21-10-2023 13:57,179
S00000590,U0057134,desktop,organic,31-10-2023 17:35,31-10-2023 17:36,54
S00000591,U0009744,mobile,referral,25-11-2023 10:36,25-11-2023 10:36,34
S00000592,U0091228,desktop,paid_ads,09-06-2024 04:00,09-06-2024 04:03,169
S00000593,U0091228,mobile,organic,20-03-2024 04:18,20-03-2024 04:21,173
S00000594,U0091228,mobile,organic,15-05-2024 03:08,15-05-2024 03:09,73
S00000595,U0091228,desktop,organic,06-02-2023 13:47,06-02-2023 13:51,240
S00000596,U0091228,desktop,referral,04-03-2024 12:03,04-03-2024 12:08,329
S00000597,U0091228,desktop,paid_ads,22-05-2024 19:41,22-05-2024 19:44,151
S00000598,U0091228,desktop,organic,22-03-2024 06:28,22-03-2024 06:30,154
S00000599,U0091228,mobile,direct,05-09-2023 01:56,05-09-2023 02:00,245
S00000600,U0091228,desktop,paid_ads,12-01-2023 07:39,12-01-2023 07:43,244
S00000601,U0091228,mobile,paid_ads,02-08-2023 07:50,02-08-2023 07:50,9
S00000602,U0091228,desktop,paid_ads,08-12-2023 18:05,08-12-2023 18:08,226
S00000603,U0091228,desktop,organic,16-04-2024 00:42,16-04-2024 00:44,126
S00000604,U0091228,mobile,paid_ads,20-06-2023 06:16,20-06-2023 06:18,101
S00000605,U0091228,mobile,referral,18-11-2023 15:53,18-11-2023 15:55,96
S00000606,U0091228,desktop,paid_ads,15-03-2024 05:28,15-03-2024 05:29,106
S00000607,U0091228,mobile,organic,27-12-2023 09:50,27-12-2023 09:53,186
S00000608,U0091228,tablet,referral,18-02-2024 08:38,18-02-2024 08:48,589
S00000609,U0091228,mobile,referral,01-01-2024 09:31,01-01-2024 09:36,314
S00000610,U0091228,mobile,paid_ads,09-10-2023 02:28,09-10-2023 02:32,240
S00000611,U0091228,desktop,referral,08-10-2023 19:40,08-10-2023 19:49,585
S00000612,U0091228,mobile,referral,03-11-2023 09:34,03-11-2023 09:36,116
S00000613,U0091228,mobile,referral,14-12-2023 17:27,14-12-2023 17:29,131
S00000614,U0091228,mobile,referral,02-10-2023 08:57,02-10-2023 08:59,132
S00000615,U0091228,mobile,direct,07-04-2024 03:19,07-04-2024 03:26,436
S00000616,U0047844,tablet,organic,08-01-2023 19:28,08-01-2023 19:37,521
S00000617,U0091228,mobile,paid_ads,12-04-2023 23:04,12-04-2023 23:07,187
S00000618,U0091228,tablet,organic,11-06-2024 17:57,11-06-2024 17:59,100
S00000619,U0091228,tablet,direct,20-06-2024 19:30,20-06-2024 19:32,110
S00000620,U0091228,desktop,organic,04-02-2023 19:45,04-02-2023 19:56,643
S00000621,U0091228,mobile,paid_ads,23-05-2023 11:24,23-05-2023 11:27,151
S00000622,U0091228,tablet,paid_ads,04-10-2023 17:39,04-10-2023 17:42,186
S00000623,U0091228,desktop,direct,13-03-2023 18:13,13-03-2023 18:18,324
S00000624,U0091228,desktop,paid_ads,31-07-2023 01:35,31-07-2023 01:40,320
S00000625,U0059476,desktop,organic,05-01-2024 14:30,05-01-2024 14:35,315
S00000626,U0091228,mobile,organic,29-05-2023 18:57,29-05-2023 19:01,235
S00000627,U0075842,mobile,direct,22-11-2023 22:29,22-11-2023 22:37,485
S00000628,U0091228,mobile,organic,09-10-2023 07:51,09-10-2023 07:53,128
S00000629,U0091228,mobile,referral,19-04-2023 08:02,19-04-2023 08:04,122
S00000630,U0091228,tablet,paid_ads,25-11-2023 07:13,25-11-2023 07:14,27
S00000631,U0091228,desktop,referral,20-09-2023 08:51,20-09-2023 08:53,105
S00000632,U0091228,desktop,organic,06-04-2023 09:13,06-04-2023 09:20,408
S00000633,U0091228,mobile,paid_ads,26-05-2023 12:13,26-05-2023 12:15,118
S00000634,U0091228,desktop,direct,03-04-2023 22:08,03-04-2023 22:10,133
S00000635,U0091228,mobile,organic,25-02-2023 07:01,25-02-2023 07:03,119
S00000636,U0074716,desktop,direct,07-06-2023 21:19,07-06-2023 21:20,39
S00000637,U0091228,mobile,direct,28-06-2023 15:00,28-06-2023 15:02,145
S00000638,U0091228,mobile,organic,29-05-2024 00:32,29-05-2024 00:39,374
S00000639,U0091228,mobile,organic,27-11-2023 09:58,27-11-2023 09:59,58
S00000640,U0091228,desktop,direct,23-02-2023 23:11,23-02-2023 23:13,153
S00000641,U0091228,mobile,paid_ads,22-02-2023 05:54,22-02-2023 05:57,237
S00000642,U0091228,mobile,paid_ads,29-12-2023 20:42,29-12-2023 20:52,587
S00000643,U0091228,mobile,organic,02-12-2023 10:35,02-12-2023 10:36,101
S00000644,U0091228,mobile,paid_ads,03-09-2023 02:34,03-09-2023 02:40,371
S00000645,U0091228,mobile,organic,14-02-2023 04:56,14-02-2023 05:09,792
S00000646,U0091228,mobile,organic,20-08-2023 19:36,20-08-2023 19:44,489
S00000647,U0091228,mobile,paid_ads,04-04-2024 12:46,04-04-2024 12:49,187
S00000648,U0091228,mobile,organic,22-03-2023 04:53,22-03-2023 04:56,162
S00000649,U0091228,mobile,paid_ads,23-10-2023 12:46,23-10-2023 12:50,222
S00000650,U0009946,desktop,organic,28-11-2023 13:36,28-11-2023 13:46,613
S00000651,U0091228,desktop,organic,05-06-2023 19:04,05-06-2023 19:14,610
S00000652,U0091228,mobile,organic,22-01-2024 03:03,22-01-2024 03:10,379
S00000653,U0091228,mobile,organic,21-05-2023 03:02,21-05-2023 03:05,187
S00000654,U0091228,desktop,paid_ads,20-02-2024 18:02,20-02-2024 18:06,247
S00000655,U0091228,mobile,paid_ads,15-12-2023 13:20,15-12-2023 13:26,378
S00000656,U0091228,desktop,direct,17-02-2023 21:49,17-02-2023 21:53,236
S00000657,U0091228,mobile,referral,12-02-2023 06:37,12-02-2023 06:38,74
S00000658,U0091228,mobile,referral,03-06-2023 00:58,03-06-2023 01:01,184
S00000659,U0091228,mobile,referral,17-07-2023 23:37,17-07-2023 23:40,137
S00000660,U0091228,mobile,organic,17-01-2024 05:55,17-01-2024 05:55,28
S00000661,U0039168,desktop,direct,10-05-2023 05:14,10-05-2023 05:17,198
S00000662,U0091228,desktop,paid_ads,12-07-2023 01:49,12-07-2023 01:53,209
S00000663,U0091228,tablet,organic,30-07-2023 04:40,30-07-2023 04:53,742
S00000664,U0091228,mobile,direct,13-10-2023 02:13,13-10-2023 02:15,92
S00000665,U0093525,mobile,paid_ads,23-03-2023 13:08,23-03-2023 13:11,175
S00000666,U0050228,desktop,organic,13-04-2024 10:18,13-04-2024 10:18,35
S00000667,U0091228,desktop,referral,17-02-2024 05:36,17-02-2024 05:39,195
S00000668,U0091228,mobile,organic,07-02-2023 15:28,07-02-2023 15:35,395
S00000669,U0091228,mobile,referral,18-02-2023 10:06,18-02-2023 10:09,182
S00000670,U0091228,mobile,referral,02-12-2023 08:31,02-12-2023 08:32,105
S00000671,U0091228,mobile,paid_ads,23-08-2023 05:35,23-08-2023 05:36,74
S00000672,U0091228,tablet,referral,22-11-2023 03:58,22-11-2023 04:02,224
S00000673,U0091228,mobile,paid_ads,21-02-2023 02:49,21-02-2023 02:50,39
S00000674,U0091228,tablet,organic,26-04-2023 04:51,26-04-2023 05:02,705
S00000675,U0091228,mobile,organic,16-08-2023 18:30,16-08-2023 18:32,90
S00000676,U0091228,mobile,referral,28-07-2023 03:43,28-07-2023 03:45,128
S00000677,U0091228,mobile,organic,01-08-2023 20:56,01-08-2023 21:06,569
S00000678,U0091228,mobile,organic,18-06-2024 07:34,18-06-2024 07:38,205
S00000679,U0091228,mobile,organic,23-06-2024 14:33,23-06-2024 14:35,90
S00000680,U0091228,mobile,referral,08-06-2023 20:20,08-06-2023 20:25,341
S00000681,U0009946,mobile,referral,25-08-2023 00:35,25-08-2023 00:38,199
S00000682,U0091228,mobile,referral,17-05-2023 14:26,17-05-2023 14:30,234
S00000683,U0009946,desktop,paid_ads,03-01-2024 14:17,03-01-2024 14:20,192
S00000684,U0091228,mobile,direct,19-06-2024 07:57,19-06-2024 08:02,314
S00000685,U0048407,mobile,paid_ads,07-01-2024 06:08,07-01-2024 06:10,120
S00000686,U0091228,mobile,paid_ads,05-12-2023 19:17,05-12-2023 19:23,372
S00000687,U0091228,desktop,paid_ads,04-01-2024 07:03,04-01-2024 07:09,384
S00000688,U0091228,desktop,organic,27-03-2023 18:29,27-03-2023 18:32,226
S00000689,U0091228,desktop,organic,24-02-2023 12:45,24-02-2023 12:47,139
S00000690,U0091228,mobile,direct,06-04-2024 16:39,06-04-2024 16:45,338
S00000691,U0091228,mobile,organic,09-07-2023 20:47,09-07-2023 20:49,99
S00000692,U0091228,mobile,paid_ads,15-09-2023 18:58,15-09-2023 19:00,143
S00000693,U0091228,mobile,paid_ads,30-10-2023 01:40,30-10-2023 01:42,82
S00000694,U0091228,mobile,organic,09-03-2024 05:17,09-03-2024 05:21,232
S00000695,U0057134,mobile,paid_ads,09-01-2023 04:03,09-01-2023 04:05,163
S00000696,U0091228,tablet,direct,03-05-2024 04:09,03-05-2024 04:14,252
S00000697,U0091228,mobile,organic,21-10-2023 05:45,21-10-2023 05:47,98
S00000698,U0091228,desktop,paid_ads,26-08-2023 13:05,26-08-2023 13:08,209
S00000699,U0091228,desktop,organic,16-03-2024 04:50,16-03-2024 04:54,235
S00000700,U0091228,mobile,paid_ads,31-01-2024 12:20,31-01-2024 12:22,146
S00000701,U0091228,mobile,organic,03-03-2023 18:00,03-03-2023 18:01,39
S00000702,U0091228,mobile,direct,21-01-2023 10:46,21-01-2023 10:48,143
S00000703,U0091228,mobile,referral,03-03-2024 04:55,03-03-2024 05:04,510
S00000704,U0091228,mobile,referral,21-02-2023 12:27,21-02-2023 12:28,39
S00000705,U0091228,mobile,referral,27-01-2023 06:46,27-01-2023 06:49,235
S00000706,U0084997,mobile,paid_ads,25-03-2023 07:57,25-03-2023 08:02,328
S00000707,U0091228,mobile,referral,06-03-2024 12:32,06-03-2024 12:32,42
S00000708,U0091228,mobile,direct,19-03-2023 02:17,19-03-2023 02:20,206
S00000709,U0067397,desktop,paid_ads,28-11-2023 16:29,28-11-2023 16:32,223
S00000710,U0091228,mobile,direct,26-05-2024 17:09,26-05-2024 17:11,143
S00000711,U0091228,desktop,organic,14-02-2024 15:03,14-02-2024 15:07,225
S00000712,U0091228,mobile,organic,14-02-2023 14:47,14-02-2023 14:50,135
S00000713,U0091228,mobile,organic,07-10-2023 04:04,07-10-2023 04:07,204
S00000714,U0091228,desktop,paid_ads,28-02-2024 06:59,28-02-2024 07:01,118
S00000715,U0091228,mobile,direct,06-03-2023 00:14,06-03-2023 00:17,177
S00000716,U0091228,mobile,organic,01-06-2023 13:15,01-06-2023 13:21,362
S00000717,U0091228,mobile,paid_ads,10-06-2024 10:44,10-06-2024 10:45,99
S00000718,U0091228,desktop,paid_ads,09-10-2023 14:03,09-10-2023 14:08,302
S00000719,U0091228,mobile,organic,03-05-2024 11:25,03-05-2024 11:25,21
S00000720,U0040555,desktop,referral,07-01-2024 01:29,07-01-2024 01:33,231
S00000721,U0091228,desktop,paid_ads,13-04-2024 17:36,13-04-2024 17:39,181
S00000722,U0091228,tablet,paid_ads,09-03-2023 23:31,09-03-2023 23:33,110
S00000723,U0091228,desktop,paid_ads,29-06-2023 12:37,29-06-2023 12:41,224
S00000724,U0091228,desktop,referral,28-06-2024 07:54,28-06-2024 07:57,165
S00000725,U0091228,mobile,referral,23-10-2023 08:46,23-10-2023 08:52,353
S00000726,U0091228,tablet,paid_ads,17-04-2023 00:22,17-04-2023 00:24,143
S00000727,U0091228,desktop,organic,06-03-2024 22:19,06-03-2024 22:26,400
S00000728,U0091228,desktop,paid_ads,25-09-2023 20:03,25-09-2023 20:06,139
S00000729,U0071617,desktop,organic,01-04-2023 11:20,01-04-2023 11:23,181
S00000730,U0091228,desktop,paid_ads,06-07-2023 19:42,06-07-2023 19:45,199
S00000731,U0091228,mobile,organic,26-11-2023 05:40,26-11-2023 05:42,121
S00000732,U0091228,desktop,referral,25-05-2024 19:48,25-05-2024 19:52,282
S00000733,U0091228,mobile,paid_ads,06-07-2023 17:29,06-07-2023 17:31,149
S00000734,U0091228,desktop,direct,22-02-2024 05:27,22-02-2024 05:30,226
S00000735,U0091228,mobile,paid_ads,17-01-2024 23:00,17-01-2024 23:02,145
S00000736,U0091228,tablet,paid_ads,17-11-2023 14:55,17-11-2023 14:55,30
S00000737,U0091228,mobile,paid_ads,28-02-2023 22:03,28-02-2023 22:06,207
S00000738,U0085469,mobile,paid_ads,16-01-2024 00:51,16-01-2024 00:57,326
S00000739,U0009946,mobile,organic,12-12-2023 23:09,12-12-2023 23:10,33
S00000740,U0050228,mobile,referral,18-02-2023 14:01,18-02-2023 14:03,159
S00000741,U0091228,mobile,paid_ads,16-03-2024 10:35,16-03-2024 10:37,119
S00000742,U0091228,mobile,paid_ads,11-01-2024 05:29,11-01-2024 05:32,189
S00000743,U0039168,mobile,organic,06-08-2023 21:23,06-08-2023 21:25,140
S00000744,U0091228,mobile,referral,03-12-2023 04:44,03-12-2023 04:53,517
S00000745,U0047844,mobile,paid_ads,24-05-2024 01:01,24-05-2024 01:07,343
S00000746,U0091228,mobile,paid_ads,17-07-2023 09:16,17-07-2023 09:18,139
S00000747,U0091228,mobile,direct,30-03-2023 02:04,30-03-2023 02:06,129
S00000748,U0091228,desktop,referral,04-05-2023 20:57,04-05-2023 21:02,273
S00000749,U0091228,mobile,paid_ads,24-05-2023 22:43,24-05-2023 22:45,130
S00000750,U0091228,desktop,organic,20-11-2023 07:22,20-11-2023 07:24,126
S00000751,U0091228,mobile,paid_ads,16-08-2023 05:29,16-08-2023 05:32,143
S00000752,U0091228,mobile,organic,30-04-2024 00:25,30-04-2024 00:28,156
S00000753,U0091228,mobile,paid_ads,22-02-2023 18:47,22-02-2023 18:52,335
S00000754,U0091228,mobile,paid_ads,02-07-2023 08:37,02-07-2023 08:39,149
S00000755,U0091228,mobile,direct,01-01-2023 05:58,01-01-2023 06:02,246
S00000756,U0091228,mobile,direct,11-02-2023 21:33,11-02-2023 21:33,6
S00000757,U0091228,mobile,paid_ads,27-11-2023 22:13,27-11-2023 22:16,146
S00000758,U0091228,mobile,referral,07-05-2023 00:05,07-05-2023 00:07,83
S00000759,U0091228,mobile,organic,31-08-2023 19:59,31-08-2023 20:02,226
S00000760,U0091228,desktop,direct,31-01-2023 14:47,31-01-2023 14:53,353
S00000761,U0091228,mobile,paid_ads,10-04-2023 02:02,10-04-2023 02:05,137
S00000762,U0091228,mobile,organic,07-04-2024 19:47,07-04-2024 19:55,486
S00000763,U0027286,tablet,organic,03-03-2024 20:11,03-03-2024 20:16,329
S00000764,U0091228,mobile,organic,17-12-2023 01:04,17-12-2023 01:07,146
S00000765,U0091228,mobile,organic,26-07-2023 17:40,26-07-2023 17:50,593
S00000766,U0091228,mobile,paid_ads,08-04-2024 09:25,08-04-2024 09:28,164
S00000767,U0091228,desktop,paid_ads,20-03-2023 20:33,20-03-2023 20:36,166
S00000768,U0003969,mobile,referral,10-09-2023 10:52,10-09-2023 10:57,345
S00000769,U0091228,mobile,organic,06-05-2023 02:31,06-05-2023 02:32,21
S00000770,U0091228,mobile,paid_ads,18-01-2023 09:24,18-01-2023 09:27,180
S00000771,U0091228,mobile,paid_ads,10-11-2023 18:55,10-11-2023 18:58,207
S00000772,U0091228,tablet,organic,17-03-2024 01:32,17-03-2024 01:34,134
S00000773,U0091228,mobile,direct,28-09-2023 01:33,28-09-2023 01:36,174
S00000774,U0091228,mobile,paid_ads,22-05-2023 02:45,22-05-2023 02:46,16
S00000775,U0091228,mobile,direct,03-04-2024 22:58,03-04-2024 23:01,184
S00000776,U0091228,mobile,direct,24-04-2023 12:16,24-04-2023 12:16,30
S00000777,U0091228,mobile,organic,10-03-2024 01:28,10-03-2024 01:30,113
S00000778,U0091228,tablet,paid_ads,24-04-2024 15:22,24-04-2024 15:29,418
S00000779,U0091228,mobile,organic,05-02-2023 23:40,05-02-2023 23:42,103
S00000780,U0091228,mobile,paid_ads,11-08-2023 22:43,11-08-2023 22:45,130
S00000781,U0091228,mobile,organic,28-03-2023 04:18,28-03-2023 04:18,15
S00000782,U0091228,desktop,paid_ads,14-06-2023 07:53,14-06-2023 07:55,139
S00000783,U0091228,mobile,paid_ads,27-01-2024 06:46,27-01-2024 06:48,151
S00000784,U0009946,desktop,paid_ads,07-01-2023 01:18,07-01-2023 01:22,282
S00000785,U0009744,desktop,direct,29-09-2023 17:49,29-09-2023 17:52,209
S00000786,U0039168,mobile,organic,14-12-2023 22:34,14-12-2023 22:40,341
S00000787,U0091228,mobile,direct,28-06-2024 01:40,28-06-2024 01:40,24
S00000788,U0091228,tablet,organic,17-04-2024 05:25,17-04-2024 05:26,43
S00000789,U0091228,mobile,paid_ads,28-06-2023 03:48,28-06-2023 03:50,131
S00000790,U0084997,mobile,referral,16-06-2024 22:12,16-06-2024 22:14,111
S00000791,U0091228,mobile,referral,03-02-2024 06:26,03-02-2024 06:28,121
S00000792,U0091228,desktop,paid_ads,06-09-2023 03:09,06-09-2023 03:20,628
S00000793,U0091228,desktop,direct,13-05-2023 16:46,13-05-2023 16:47,24
S00000794,U0091228,mobile,organic,12-01-2023 22:33,12-01-2023 22:33,27
S00000795,U0091228,mobile,paid_ads,23-05-2023 15:45,23-05-2023 15:45,37
S00000796,U0091228,desktop,paid_ads,13-02-2023 04:04,13-02-2023 04:07,205
S00000797,U0091228,desktop,organic,08-04-2024 04:48,08-04-2024 04:50,95
S00000798,U0091228,mobile,direct,18-01-2024 02:07,18-01-2024 02:14,462
S00000799,U0091228,desktop,organic,29-03-2023 03:32,29-03-2023 03:35,180
S00000800,U0091228,desktop,organic,18-02-2024 13:07,18-02-2024 13:09,103
S00000801,U0091228,mobile,direct,23-03-2023 00:03,23-03-2023 00:06,153
S00000802,U0091228,mobile,referral,17-04-2023 13:00,17-04-2023 13:00,12
S00000803,U0091228,mobile,paid_ads,03-03-2023 10:42,03-03-2023 10:44,124
S00000804,U0091228,desktop,organic,04-01-2023 22:55,04-01-2023 22:57,105
S00000805,U0091228,desktop,organic,06-12-2023 22:25,06-12-2023 22:32,414
S00000806,U0091228,desktop,organic,19-12-2023 19:31,19-12-2023 19:34,207
S00000807,U0091228,mobile,paid_ads,26-03-2024 07:02,26-03-2024 07:03,107
S00000808,U0009946,desktop,paid_ads,30-07-2023 09:05,30-07-2023 09:11,387
S00000809,U0091228,mobile,organic,06-10-2023 01:56,06-10-2023 01:58,74
S00000810,U0091228,mobile,paid_ads,14-09-2023 04:56,14-09-2023 04:57,18
S00000811,U0050228,mobile,paid_ads,28-09-2023 03:07,28-09-2023 03:15,482
S00000812,U0091228,mobile,referral,01-09-2023 11:31,01-09-2023 11:37,372
S00000813,U0091228,mobile,paid_ads,08-12-2023 18:51,08-12-2023 18:51,11
S00000814,U0091228,desktop,paid_ads,04-06-2023 18:08,04-06-2023 18:10,157
S00000815,U0091228,mobile,organic,08-06-2023 11:12,08-06-2023 11:20,434
S00000816,U0091228,mobile,organic,27-04-2024 06:21,27-04-2024 06:22,96
S00000817,U0091228,mobile,organic,24-05-2024 17:21,24-05-2024 17:25,220
S00000818,U0057134,mobile,organic,16-02-2024 17:10,16-02-2024 17:12,125
S00000819,U0050477,mobile,paid_ads,06-12-2023 10:32,06-12-2023 10:41,542
S00000820,U0091228,desktop,paid_ads,29-01-2023 16:21,29-01-2023 16:22,93
S00000821,U0091228,mobile,paid_ads,12-12-2023 23:04,12-12-2023 23:06,133
S00000822,U0091228,mobile,organic,03-01-2023 14:35,03-01-2023 14:38,168
S00000823,U0091228,desktop,paid_ads,22-04-2023 04:30,22-04-2023 04:34,213
S00000824,U0091228,mobile,referral,23-03-2024 10:06,23-03-2024 10:10,249
S00000825,U0091228,mobile,referral,28-09-2023 09:40,28-09-2023 09:43,153
S00000826,U0091228,desktop,organic,24-02-2023 23:23,24-02-2023 23:26,210
S00000827,U0091228,desktop,paid_ads,19-10-2023 04:05,19-10-2023 04:08,162
S00000828,U0091228,mobile,direct,26-03-2024 15:26,26-03-2024 15:32,359
S00000829,U0091228,desktop,referral,23-06-2024 05:11,23-06-2024 05:14,206
S00000830,U0091228,mobile,paid_ads,30-01-2024 08:30,30-01-2024 08:32,124
S00000831,U0091228,tablet,organic,12-10-2023 11:50,12-10-2023 11:54,209
S00000832,U0091228,mobile,direct,03-05-2023 18:11,03-05-2023 18:12,40
S00000833,U0091228,mobile,paid_ads,05-04-2024 08:18,05-04-2024 08:20,114
S00000834,U0091228,desktop,direct,30-03-2024 04:04,30-03-2024 04:08,256
S00000835,U0091228,desktop,organic,03-01-2023 12:33,03-01-2023 12:35,76
S00000836,U0091228,mobile,referral,02-05-2023 16:25,02-05-2023 16:32,414
S00000837,U0091228,tablet,organic,29-09-2023 06:25,29-09-2023 06:25,19
S00000838,U0091228,desktop,direct,10-03-2023 06:48,10-03-2023 06:52,268
S00000839,U0009744,desktop,organic,16-08-2023 18:41,16-08-2023 18:49,490
S00000840,U0091228,mobile,paid_ads,18-02-2024 03:55,18-02-2024 03:57,90
S00000841,U0091228,mobile,organic,12-03-2023 18:27,12-03-2023 18:30,150
S00000842,U0039168,desktop,paid_ads,27-06-2024 13:22,27-06-2024 13:27,270
S00000843,U0091228,mobile,paid_ads,02-06-2024 15:11,02-06-2024 15:14,169
S00000844,U0091228,mobile,organic,16-01-2023 18:42,16-01-2023 18:45,155
S00000845,U0091228,mobile,direct,03-08-2023 14:25,03-08-2023 14:27,148
S00000846,U0091228,mobile,organic,24-06-2024 07:07,24-06-2024 07:08,66
S00000847,U0091228,mobile,direct,07-02-2024 23:39,07-02-2024 23:40,78
S00000848,U0091228,mobile,paid_ads,28-11-2023 15:19,28-11-2023 15:22,165
S00000849,U0091228,desktop,organic,17-02-2023 04:41,17-02-2023 04:44,196
S00000850,U0091228,mobile,organic,30-03-2023 08:21,30-03-2023 08:24,181
S00000851,U0091228,mobile,organic,07-12-2023 09:41,07-12-2023 09:48,399
S00000852,U0091228,mobile,referral,16-04-2024 22:53,16-04-2024 22:58,315
S00000853,U0009946,mobile,paid_ads,17-10-2023 14:35,17-10-2023 14:36,83
S00000854,U0091228,mobile,referral,18-02-2024 06:41,18-02-2024 06:45,207
S00000855,U0091228,mobile,paid_ads,11-10-2023 10:15,11-10-2023 10:24,507
S00000856,U0091228,mobile,paid_ads,31-03-2023 18:41,31-03-2023 18:45,215
S00000857,U0091228,desktop,paid_ads,08-04-2023 01:17,08-04-2023 01:22,296
S00000858,U0091228,desktop,organic,24-02-2024 08:38,24-02-2024 08:38,9
S00000859,U0091228,desktop,paid_ads,18-07-2023 00:01,18-07-2023 00:04,182
S00000860,U0091228,mobile,organic,09-02-2024 22:34,09-02-2024 22:36,107
S00000861,U0091228,desktop,organic,09-01-2024 10:56,09-01-2024 11:00,255
S00000862,U0091228,desktop,referral,19-02-2023 19:37,19-02-2023 19:51,845
S00000863,U0091228,tablet,direct,24-03-2023 04:00,24-03-2023 04:00,29
S00000864,U0091228,desktop,paid_ads,19-01-2023 03:34,19-01-2023 03:46,745
S00000865,U0091228,desktop,referral,30-05-2023 04:40,30-05-2023 04:47,453
S00000866,U0091228,desktop,paid_ads,06-02-2023 20:46,06-02-2023 20:54,503
S00000867,U0009946,desktop,paid_ads,16-02-2023 21:40,16-02-2023 21:47,466
S00000868,U0091228,tablet,paid_ads,01-04-2024 07:32,01-04-2024 07:35,158
S00000869,U0091228,desktop,paid_ads,10-06-2024 11:37,10-06-2024 11:41,243
S00000870,U0091228,desktop,organic,05-07-2023 18:40,05-07-2023 18:44,245
S00000871,U0091228,desktop,referral,20-10-2023 07:35,20-10-2023 07:39,236
S00000872,U0091228,desktop,direct,28-09-2023 11:32,28-09-2023 11:36,248
S00000873,U0091228,mobile,organic,25-09-2023 01:51,25-09-2023 01:55,243
S00000874,U0091228,mobile,organic,07-05-2024 12:43,07-05-2024 12:53,614
S00000875,U0091228,mobile,organic,04-11-2023 07:23,04-11-2023 07:26,167
S00000876,U0091228,mobile,direct,08-09-2023 22:32,08-09-2023 22:32,3
S00000877,U0063655,mobile,organic,30-03-2024 23:20,30-03-2024 23:26,315
S00000878,U0085469,mobile,organic,07-08-2023 04:57,07-08-2023 04:57,30
S00000879,U0091228,tablet,direct,20-08-2023 23:19,20-08-2023 23:22,194
S00000880,U0091228,mobile,organic,02-01-2023 17:44,02-01-2023 17:44,23
S00000881,U0091228,mobile,direct,29-03-2024 06:38,29-03-2024 06:40,157
S00000882,U0091228,mobile,direct,19-06-2024 02:22,19-06-2024 02:27,322
S00000883,U0091228,desktop,direct,20-01-2024 00:51,20-01-2024 00:55,242
S00000884,U0091228,desktop,organic,22-04-2023 17:32,22-04-2023 17:40,484
S00000885,U0091228,desktop,organic,04-08-2023 05:46,04-08-2023 05:49,167
S00000886,U0091228,desktop,organic,26-04-2023 20:14,26-04-2023 20:18,238
S00000887,U0091228,mobile,paid_ads,18-09-2023 01:48,18-09-2023 01:50,104
S00000888,U0091228,mobile,direct,28-04-2024 06:02,28-04-2024 06:04,139
S00000889,U0091228,desktop,organic,19-02-2023 23:40,19-02-2023 23:46,402
S00000890,U0091228,mobile,organic,25-08-2023 00:10,25-08-2023 00:15,346
S00000891,U0091228,mobile,referral,27-09-2023 21:54,27-09-2023 21:57,183
S00000892,U0091228,desktop,organic,28-08-2023 07:09,28-08-2023 07:10,36
S00000893,U0091228,mobile,organic,03-03-2024 18:27,03-03-2024 18:30,194
S00000894,U0091228,mobile,referral,11-01-2024 05:08,11-01-2024 05:12,210
S00000895,U0091228,mobile,organic,09-08-2023 18:46,09-08-2023 18:48,127
S00000896,U0085469,mobile,organic,01-06-2024 07:51,01-06-2024 07:59,450
S00000897,U0091228,tablet,referral,16-03-2023 00:59,16-03-2023 01:01,121
S00000898,U0091228,desktop,organic,16-11-2023 22:43,16-11-2023 22:46,218
S00000899,U0091228,desktop,organic,19-02-2023 07:27,19-02-2023 07:31,241
S00000900,U0091228,mobile,organic,27-06-2023 12:12,27-06-2023 12:12,15
S00000901,U0091228,mobile,organic,20-08-2023 08:26,20-08-2023 08:29,172
S00000902,U0091228,mobile,paid_ads,21-10-2023 05:55,21-10-2023 05:57,118
S00000903,U0091228,desktop,direct,21-06-2023 09:09,21-06-2023 09:14,296
S00000904,U0091228,desktop,referral,16-08-2023 20:24,16-08-2023 20:27,200
S00000905,U0091228,mobile,direct,02-12-2023 16:55,02-12-2023 16:57,130
S00000906,U0091228,tablet,direct,13-02-2023 05:57,13-02-2023 06:01,258
S00000907,U0091228,mobile,paid_ads,07-05-2023 06:16,07-05-2023 06:18,146
S00000908,U0091228,desktop,paid_ads,10-02-2024 04:29,10-02-2024 04:32,210
S00000909,U0091228,mobile,paid_ads,01-01-2024 05:20,01-01-2024 05:21,65
S00000910,U0074716,mobile,referral,19-01-2024 01:57,19-01-2024 01:58,63
S00000911,U0091228,tablet,organic,27-03-2024 01:35,27-03-2024 01:37,102
S00000912,U0091228,mobile,organic,29-09-2023 18:08,29-09-2023 18:14,353
S00000913,U0091228,mobile,referral,23-04-2024 15:09,23-04-2024 15:12,184
S00000914,U0093388,mobile,referral,06-02-2023 06:56,06-02-2023 06:58,156
S00000915,U0091228,mobile,referral,31-03-2024 14:51,31-03-2024 14:54,144
S00000916,U0091228,mobile,paid_ads,30-05-2023 07:47,30-05-2023 07:48,90
S00000917,U0091228,desktop,organic,23-07-2023 00:28,23-07-2023 00:32,243
S00000918,U0091228,desktop,paid_ads,12-06-2023 09:25,12-06-2023 09:29,238
S00000919,U0091228,desktop,referral,10-05-2023 02:29,10-05-2023 02:30,71
S00000920,U0039168,mobile,organic,25-01-2024 10:04,25-01-2024 10:06,165
S00000921,U0091228,mobile,paid_ads,30-08-2023 23:01,30-08-2023 23:02,97
S00000922,U0091228,mobile,organic,12-01-2024 16:10,12-01-2024 16:14,264
S00000923,U0091228,mobile,paid_ads,01-07-2023 13:17,01-07-2023 13:20,150
S00000924,U0091228,tablet,direct,03-04-2023 16:05,03-04-2023 16:06,77
S00000925,U0091228,desktop,direct,01-05-2023 06:44,01-05-2023 06:55,686
S00000926,U0091228,mobile,paid_ads,09-03-2024 15:56,09-03-2024 15:58,161
S00000927,U0091228,desktop,referral,16-06-2023 09:24,16-06-2023 09:26,78
S00000928,U0091228,desktop,organic,06-01-2024 20:13,06-01-2024 20:21,478
S00000929,U0091228,mobile,organic,05-10-2023 20:10,05-10-2023 20:15,270
S00000930,U0091228,desktop,referral,11-02-2023 17:07,11-02-2023 17:16,537
S00000931,U0091228,mobile,organic,04-08-2023 09:11,04-08-2023 09:14,201
S00000932,U0091228,desktop,paid_ads,09-11-2023 12:00,09-11-2023 12:03,130
S00000933,U0091228,mobile,referral,29-05-2023 21:20,29-05-2023 21:24,192
S00000934,U0091228,desktop,paid_ads,18-02-2024 18:48,18-02-2024 18:55,413
S00000935,U0091228,mobile,referral,20-06-2024 05:30,20-06-2024 05:31,79
S00000936,U0009744,desktop,direct,17-02-2023 08:22,17-02-2023 08:23,57
S00000937,U0091228,mobile,organic,11-01-2023 22:33,11-01-2023 22:35,135
S00000938,U0091228,mobile,referral,23-06-2024 20:50,23-06-2024 20:55,296
S00000939,U0091228,mobile,referral,21-07-2023 23:20,21-07-2023 23:25,283
S00000940,U0091228,desktop,paid_ads,06-01-2023 20:46,06-01-2023 20:52,366
S00000941,U0091228,mobile,referral,12-12-2023 01:37,12-12-2023 01:39,106
S00000942,U0091228,mobile,paid_ads,27-05-2024 02:12,27-05-2024 02:16,236
S00000943,U0091228,mobile,organic,29-01-2023 15:15,29-01-2023 15:19,222
S00000944,U0091228,mobile,organic,12-01-2024 11:23,12-01-2024 11:25,132
S00000945,U0091228,desktop,direct,03-02-2023 04:01,03-02-2023 04:05,234
S00000946,U0089038,mobile,organic,11-01-2023 18:54,11-01-2023 18:55,38
S00000947,U0091228,mobile,organic,04-06-2023 15:20,04-06-2023 15:23,188
S00000948,U0091228,desktop,paid_ads,26-06-2024 01:27,26-06-2024 01:29,120
S00000949,U0091228,desktop,paid_ads,24-10-2023 02:50,24-10-2023 02:54,216
S00000950,U0039168,mobile,paid_ads,12-12-2023 23:34,12-12-2023 23:39,321
S00000951,U0091228,mobile,referral,09-12-2023 19:02,09-12-2023 19:06,196
S00000952,U0091228,desktop,referral,03-05-2023 13:57,03-05-2023 14:08,704
S00000953,U0091228,mobile,organic,25-01-2024 07:31,25-01-2024 07:39,465
S00000954,U0084997,mobile,organic,20-02-2024 19:29,20-02-2024 19:32,187
S00000955,U0067397,mobile,referral,02-10-2023 20:55,02-10-2023 20:59,223
S00000956,U0091228,mobile,organic,15-05-2024 14:14,15-05-2024 14:16,133
S00000957,U0091228,desktop,organic,22-09-2023 06:37,22-09-2023 06:40,207
S00000958,U0091228,mobile,referral,14-09-2023 06:02,14-09-2023 06:12,561
S00000959,U0091228,mobile,paid_ads,20-02-2024 02:23,20-02-2024 02:25,163
S00000960,U0091228,mobile,paid_ads,20-01-2024 09:20,20-01-2024 09:21,50
S00000961,U0091228,desktop,direct,05-05-2024 22:51,05-05-2024 22:54,195
S00000962,U0091228,mobile,referral,28-12-2023 05:57,28-12-2023 06:00,196
S00000963,U0091228,mobile,paid_ads,09-04-2024 09:05,09-04-2024 09:10,346
S00000964,U0074716,desktop,direct,29-04-2023 09:37,29-04-2023 09:38,112
S00000965,U0091228,mobile,direct,16-10-2023 10:08,16-10-2023 10:11,171
S00000966,U0069819,desktop,paid_ads,03-04-2023 09:00,03-04-2023 09:01,74
S00000967,U0091228,desktop,organic,30-05-2024 08:31,30-05-2024 08:32,49
S00000968,U0091228,mobile,organic,16-04-2023 21:35,16-04-2023 21:36,60
S00000969,U0091228,mobile,organic,26-03-2024 01:30,26-03-2024 01:32,142
S00000970,U0091228,mobile,direct,01-02-2023 03:29,01-02-2023 03:30,10
S00000971,U0009744,mobile,referral,26-03-2023 18:34,26-03-2023 18:36,145
S00000972,U0091228,mobile,direct,20-02-2024 09:12,20-02-2024 09:15,135
S00000973,U0091228,mobile,direct,22-02-2024 20:13,22-02-2024 20:16,198
S00000974,U0085469,mobile,paid_ads,29-06-2023 18:19,29-06-2023 18:22,176
S00000975,U0091228,mobile,organic,24-02-2024 13:26,24-02-2024 13:29,139
S00000976,U0091228,mobile,direct,03-04-2024 02:17,03-04-2024 02:21,222
S00000977,U0091228,mobile,organic,23-04-2024 11:27,23-04-2024 11:34,364
S00000978,U0091228,mobile,paid_ads,03-04-2024 09:14,03-04-2024 09:17,174
S00000979,U0091228,tablet,referral,13-04-2024 04:35,13-04-2024 04:37,149
S00000980,U0091228,mobile,direct,11-05-2023 08:05,11-05-2023 08:07,112
S00000981,U0091228,desktop,organic,11-04-2024 07:39,11-04-2024 07:43,222
S00000982,U0009946,mobile,paid_ads,19-03-2024 16:54,19-03-2024 16:56,112
S00000983,U0091228,mobile,paid_ads,29-11-2023 02:19,29-11-2023 02:22,210
S00000984,U0091228,desktop,direct,15-05-2023 06:59,15-05-2023 07:00,66
S00000985,U0091228,mobile,referral,25-07-2023 09:41,25-07-2023 09:47,320
S00000986,U0062848,mobile,paid_ads,06-12-2023 22:38,06-12-2023 22:41,196
S00000987,U0054766,mobile,organic,20-01-2024 21:50,20-01-2024 21:56,327
S00000988,U0091228,desktop,paid_ads,28-11-2023 00:05,28-11-2023 00:10,329
S00000989,U0091228,desktop,paid_ads,08-02-2023 11:07,08-02-2023 11:09,103
S00000990,U0091228,tablet,organic,05-02-2023 13:27,05-02-2023 13:30,203
S00000991,U0091228,desktop,referral,04-03-2023 15:33,04-03-2023 15:38,293
S00000992,U0091228,desktop,referral,05-01-2024 15:00,05-01-2024 15:06,326
S00000993,U0085469,tablet,referral,29-01-2024 21:50,29-01-2024 21:53,207
S00000994,U0091228,mobile,referral,22-11-2023 00:51,22-11-2023 00:57,387
S00000995,U0091228,mobile,organic,12-02-2023 22:32,12-02-2023 22:34,134
S00000996,U0009744,tablet,paid_ads,04-05-2023 22:41,04-05-2023 22:43,146
S00000997,U0091228,mobile,paid_ads,28-01-2023 21:31,28-01-2023 21:33,121
S00000998,U0091228,desktop,referral,19-01-2024 20:12,19-01-2024 20:14,148
S00000999,U0091228,desktop,organic,18-10-2023 04:48,18-10-2023 04:55,381
