user_id,city,signup_date
U0000001,Bengaluru,29-07-2022
U0000002,Patna,20-08-2022
U0000003,Ahmedabad,16-10-2022
U0000004,Kolkata,01-09-2022
U0000005,Delhi,12-10-2022
U0000006,Delhi,22-06-2022
U0000007,Mumbai,11-02-2022
U0000008,Nagpur,29-03-2022
U0000009,Kolkata,19-10-2022
U0000010,Ahmedabad,26-08-2022
U0000011,Mumbai,31-12-2022
U0000012,Coimbatore,30-12-2021
U0000013,Lucknow,12-11-2022
U0000014,Delhi,19-09-2022
U0000015,Delhi,03-12-2022
U0000016,Delhi,11-06-2022
U0000017,Bengaluru,13-08-2022
U0000018,Chennai,12-10-2022
U0000019,Hyderabad,17-08-2022
U0000020,Bengaluru,29-11-2022
U0000021,Kolkata,07-04-2022
U0000022,Mumbai,07-11-2022
U0000023,Bengaluru,14-07-2022
U0000024,Bengaluru,14-11-2021
U0000025,Hyderabad,25-12-2022
U0000026,Surat,05-10-2022
U0000027,Delhi,06-12-2022
U0000028,Chennai,28-10-2021
U0000029,Kolkata,13-10-2022
U0000030,Mumbai,19-11-2022
U0000031,Kolkata,12-06-2022
U0000032,Delhi,13-08-2022
U0000033,Mumbai,02-03-2022
U0000034,Patna,25-04-2022
U0000035,Coimbatore,11-03-2021
U0000036,Surat,15-12-2022
U0000037,Bengaluru,17-12-2022
U0000038,Mumbai,30-10-2021
U0000039,Pune,19-06-2021
U0000040,Hyderabad,30-09-2022
U0000041,Mumbai,14-09-2022
U0000042,Chennai,11-10-2022
U0000043,Mumbai,06-04-2022
U0000044,Bhopal,11-04-2022
U0000045,Delhi,18-11-2022
U0000046,Pune,06-10-2022
U0000047,Bengaluru,20-11-2022
U0000048,Chennai,24-12-2022
U0000049,Chennai,22-12-2022
U0000050,Delhi,04-12-2022
U0000051,Coimbatore,27-12-2022
U0000052,Jaipur,24-09-2022
U0000053,Visakhapatnam,21-12-2022
U0000054,Indore,28-01-2022
U0000055,Kolkata,22-05-2022
U0000056,Visakhapatnam,01-04-2022
U0000057,Mumbai,13-07-2022
U0000058,Delhi,19-06-2022
U0000059,Mumbai,11-12-2022
U0000060,Bengaluru,22-12-2022
U0000061,Bengaluru,01-01-2021
U0000062,Bengaluru,09-10-2022
U0000063,Lucknow,23-12-2022
U0000064,Bengaluru,01-12-2022
U0000065,Bengaluru,24-12-2021
U0000066,Chennai,21-11-2022
U0000067,Delhi,10-09-2022
U0000068,Surat,17-06-2022
U0000069,Mumbai,04-05-2021
U0000070,Vadodara,30-12-2022
U0000071,Jaipur,03-09-2022
U0000072,Delhi,01-01-2021
U0000073,Mumbai,09-12-2022
U0000074,Lucknow,09-12-2022
U0000075,Ahmedabad,16-12-2022
U0000076,Ahmedabad,27-08-2022
U0000077,Jaipur,16-10-2022
U0000078,Mumbai,20-05-2022
U0000079,Bengaluru,02-08-2022
U0000080,Mumbai,29-07-2022
U0000081,Nagpur,26-08-2022
U0000082,Kolkata,01-01-2021
U0000083,Bengaluru,15-08-2022
U0000084,Mumbai,19-12-2022
U0000085,Bengaluru,23-10-2022
U0000086,Bengaluru,03-04-2022
U0000087,Ahmedabad,07-07-2022
U0000088,Pune,08-06-2022
U0000089,Indore,30-09-2021
U0000090,Hyderabad,18-09-2022
U0000091,Mumbai,29-12-2022
U0000092,Ahmedabad,01-01-2021
U0000093,Jaipur,14-09-2022
U0000094,Kolkata,14-12-2022
U0000095,Jaipur,11-08-2022
U0000096,Chennai,25-07-2022
U0000097,Chennai,05-08-2022
U0000098,Hyderabad,08-05-2021
U0000099,Mumbai,24-10-2022
U0000100,Mumbai,26-12-2022
U0000101,Mumbai,04-10-2021
U0000102,Pune,24-11-2022
U0000103,Bengaluru,27-04-2022
U0000104,Chennai,21-11-2022
U0000105,Bhopal,18-02-2022
U0000106,Delhi,01-11-2021
U0000107,Hyderabad,12-12-2022
U0000108,Jaipur,04-12-2022
U0000109,Delhi,22-09-2021
U0000110,Mumbai,11-04-2022
U0000111,Bengaluru,25-12-2022
U0000112,Delhi,26-11-2022
U0000113,Visakhapatnam,28-09-2022
U0000114,Surat,07-01-2022
U0000115,Pune,03-12-2022
U0000116,Nagpur,15-05-2022
U0000117,Surat,17-12-2022
U0000118,Delhi,10-09-2022
U0000119,Indore,11-05-2022
U0000120,Chennai,20-12-2022
U0000121,Surat,21-11-2022
U0000122,Indore,25-03-2022
U0000123,Bengaluru,30-11-2022
U0000124,Mumbai,17-06-2022
U0000125,Delhi,01-07-2022
U0000126,Hyderabad,22-08-2022
U0000127,Lucknow,22-11-2022
U0000128,Nagpur,26-09-2022
U0000129,Mumbai,10-07-2022
U0000130,Chennai,13-12-2021
U0000131,Hyderabad,20-03-2022
U0000132,Delhi,17-07-2022
U0000133,Mumbai,16-11-2022
U0000134,Bengaluru,19-11-2022
U0000135,Patna,05-03-2022
U0000136,Bengaluru,19-06-2022
U0000137,Chennai,14-10-2022
U0000138,Ahmedabad,01-04-2021
U0000139,Bengaluru,01-12-2021
U0000140,Coimbatore,15-06-2022
U0000141,Coimbatore,11-10-2022
U0000142,Delhi,27-10-2022
U0000143,Chennai,15-08-2021
U0000144,Bengaluru,18-09-2022
U0000145,Bengaluru,18-03-2022
U0000146,Mumbai,14-08-2021
U0000147,Kolkata,02-09-2022
U0000148,Chennai,25-06-2022
U0000149,Mumbai,16-12-2022
U0000150,Bengaluru,25-06-2022
U0000151,Bhopal,19-11-2022
U0000152,Delhi,16-06-2022
U0000153,Delhi,13-12-2022
U0000154,Chennai,31-08-2022
U0000155,Vadodara,22-08-2022
U0000156,Delhi,05-09-2022
U0000157,Pune,22-04-2022
U0000158,Jaipur,24-04-2022
U0000159,Delhi,26-05-2022
U0000160,Ahmedabad,06-07-2022
U0000161,Bengaluru,05-11-2021
U0000162,Pune,31-07-2022
U0000163,Pune,16-10-2022
U0000164,Chennai,22-12-2022
U0000165,Mumbai,16-08-2022
U0000166,Lucknow,16-11-2022
U0000167,Bengaluru,05-10-2022
U0000168,Delhi,23-12-2022
U0000169,Mumbai,01-07-2022
U0000170,Kolkata,06-12-2021
U0000171,Pune,23-10-2022
U0000172,Mumbai,13-03-2022
U0000173,Chennai,08-12-2022
U0000174,Delhi,15-05-2022
U0000175,Pune,18-12-2022
U0000176,Delhi,09-11-2022
U0000177,Ahmedabad,13-10-2022
U0000178,Bengaluru,02-12-2022
U0000179,Visakhapatnam,26-11-2022
U0000180,Mumbai,30-05-2022
U0000181,Bengaluru,14-12-2022
U0000182,Mumbai,30-08-2021
U0000183,Visakhapatnam,13-04-2022
U0000184,Nagpur,14-10-2022
U0000185,Delhi,07-07-2022
U0000186,Pune,18-05-2022
U0000187,Lucknow,23-07-2022
U0000188,Chennai,12-07-2022
U0000189,Chennai,13-10-2021
U0000190,Delhi,14-12-2021
U0000191,Mumbai,17-10-2021
U0000192,Indore,08-12-2021
U0000193,Bhopal,07-06-2022
U0000194,Pune,02-09-2022
U0000195,Bengaluru,03-09-2022
U0000196,Bengaluru,11-04-2022
U0000197,Ahmedabad,25-09-2021
U0000198,Indore,16-12-2022
U0000199,Indore,21-12-2021
U0000200,Jaipur,25-01-2022
U0000201,Pune,16-12-2022
U0000202,Mumbai,23-06-2022
U0000203,Delhi,30-03-2021
U0000204,Indore,23-01-2022
U0000205,Kolkata,21-12-2022
U0000206,Mumbai,22-09-2021
U0000207,Mumbai,28-11-2022
U0000208,Pune,19-12-2022
U0000209,Mumbai,16-11-2022
U0000210,Delhi,05-09-2022
U0000211,Chennai,04-03-2022
U0000212,Ahmedabad,07-11-2022
U0000213,Pune,04-10-2022
U0000214,Delhi,05-12-2022
U0000215,Ahmedabad,31-10-2022
U0000216,Delhi,09-11-2021
U0000217,Bengaluru,10-06-2022
U0000218,Jaipur,14-06-2022
U0000219,Pune,11-11-2022
U0000220,Kanpur,04-12-2022
U0000221,Pune,04-12-2021
U0000222,Kolkata,02-08-2021
U0000223,Mumbai,23-12-2022
U0000224,Bengaluru,19-08-2022
U0000225,Delhi,19-09-2022
U0000226,Delhi,05-05-2022
U0000227,Coimbatore,29-10-2022
U0000228,Hyderabad,11-07-2022
U0000229,Indore,17-12-2022
U0000230,Pune,24-02-2022
U0000231,Surat,13-11-2022
U0000232,Chennai,26-10-2022
U0000233,Kolkata,08-10-2022
U0000234,Chennai,21-11-2022
U0000235,Delhi,10-03-2022
U0000236,Ahmedabad,20-12-2022
U0000237,Bengaluru,01-09-2021
U0000238,Mumbai,08-09-2021
U0000239,Pune,19-02-2022
U0000240,Delhi,03-07-2021
U0000241,Patna,19-04-2022
U0000242,Patna,06-08-2022
U0000243,Bhopal,16-05-2022
U0000244,Bengaluru,01-01-2023
U0000245,Mumbai,07-06-2022
U0000246,Visakhapatnam,25-12-2022
U0000247,Hyderabad,04-12-2021
U0000248,Coimbatore,19-11-2021
U0000249,Coimbatore,11-12-2022
U0000250,Kanpur,11-06-2022
U0000251,Bengaluru,17-06-2022
U0000252,Bengaluru,30-08-2022
U0000253,Kanpur,28-12-2022
U0000254,Bengaluru,11-12-2022
U0000255,Delhi,22-06-2022
U0000256,Chennai,19-08-2022
U0000257,Visakhapatnam,24-12-2022
U0000258,Ahmedabad,23-08-2022
U0000259,Kolkata,26-01-2022
U0000260,Mumbai,29-11-2021
U0000261,Kolkata,01-06-2022
U0000262,Agra,20-06-2022
U0000263,Delhi,13-04-2022
U0000264,Chennai,07-12-2022
U0000265,Nagpur,25-11-2022
U0000266,Jaipur,04-09-2022
U0000267,Ahmedabad,16-09-2022
U0000268,Ahmedabad,26-11-2022
U0000269,Bengaluru,11-06-2022
U0000270,Bengaluru,03-05-2022
U0000271,Surat,06-11-2022
U0000272,Lucknow,26-10-2022
U0000273,Nagpur,09-11-2022
U0000274,Bhopal,04-11-2022
U0000275,Chennai,12-10-2022
U0000276,Chennai,19-09-2022
U0000277,Surat,04-09-2022
U0000278,Pune,04-09-2022
U0000279,Ahmedabad,13-07-2022
U0000280,Surat,18-10-2022
U0000281,Indore,28-08-2022
U0000282,Bengaluru,28-08-2022
U0000283,Bengaluru,14-12-2022
U0000284,Mumbai,07-07-2022
U0000285,Kolkata,04-11-2022
U0000286,Mumbai,24-12-2022
U0000287,Hyderabad,28-06-2022
U0000288,Chennai,24-12-2022
U0000289,Bengaluru,19-09-2022
U0000290,Kolkata,11-07-2022
U0000291,Mumbai,01-01-2021
U0000292,Mumbai,24-08-2022
U0000293,Lucknow,25-10-2022
U0000294,Bengaluru,02-09-2022
U0000295,Mumbai,23-11-2022
U0000296,Chennai,20-09-2022
U0000297,Jaipur,26-12-2021
U0000298,Delhi,06-12-2022
U0000299,Kolkata,19-08-2022
U0000300,Mumbai,11-07-2022
U0000301,Mumbai,26-10-2022
U0000302,Chennai,07-05-2022
U0000303,Chennai,19-06-2022
U0000304,Pune,11-09-2022
U0000305,Ahmedabad,02-07-2022
U0000306,Coimbatore,05-02-2022
U0000307,Chennai,20-07-2022
U0000308,Bengaluru,03-08-2022
U0000309,Surat,11-07-2022
U0000310,Bengaluru,13-06-2022
U0000311,Hyderabad,01-10-2022
U0000312,Mumbai,09-02-2022
U0000313,Mumbai,25-09-2021
U0000314,Coimbatore,10-07-2022
U0000315,Lucknow,05-12-2021
U0000316,Ahmedabad,01-05-2022
U0000317,Hyderabad,25-09-2022
U0000318,Delhi,31-08-2022
U0000319,Delhi,03-08-2022
U0000320,Delhi,16-08-2021
U0000321,Chennai,28-06-2022
U0000322,Ahmedabad,27-08-2022
U0000323,Pune,09-12-2022
U0000324,Bengaluru,18-06-2022
U0000325,Patna,09-08-2022
U0000326,Ahmedabad,13-08-2021
U0000327,Chennai,18-10-2022
U0000328,Kolkata,22-03-2022
U0000329,Hyderabad,03-11-2022
U0000330,Delhi,29-11-2022
U0000331,Bengaluru,30-12-2022
U0000332,Jaipur,21-11-2021
U0000333,Mumbai,18-09-2022
U0000334,Mumbai,03-11-2022
U0000335,Mumbai,01-10-2022
U0000336,Mumbai,23-05-2022
U0000337,Kanpur,04-10-2022
U0000338,Ahmedabad,16-11-2022
U0000339,Hyderabad,16-12-2022
U0000340,Mumbai,11-07-2022
U0000341,Chennai,24-03-2021
U0000342,Hyderabad,04-07-2022
U0000343,Delhi,22-07-2021
U0000344,Hyderabad,19-12-2021
U0000345,Hyderabad,02-12-2022
U0000346,Kolkata,17-12-2021
U0000347,Pune,01-01-2023
U0000348,Mumbai,26-08-2022
U0000349,Bengaluru,21-08-2022
U0000350,Kolkata,13-05-2022
U0000351,Chennai,23-04-2022
U0000352,Kanpur,15-11-2022
U0000353,Pune,13-12-2021
U0000354,Delhi,27-11-2022
U0000355,Mumbai,25-05-2021
U0000356,Pune,01-01-2021
U0000357,Mumbai,01-06-2022
U0000358,Kolkata,27-06-2022
U0000359,Patna,03-02-2021
U0000360,Kolkata,13-11-2022
U0000361,Bengaluru,30-06-2022
U0000362,Pune,30-09-2022
U0000363,Hyderabad,29-11-2022
U0000364,Chennai,08-12-2022
U0000365,Patna,30-05-2022
U0000366,Bengaluru,16-11-2022
U0000367,Coimbatore,21-07-2022
U0000368,Bhopal,14-11-2022
U0000369,Delhi,15-09-2022
U0000370,Mumbai,02-05-2022
U0000371,Mumbai,19-08-2022
U0000372,Mumbai,28-12-2021
U0000373,Mumbai,20-08-2022
U0000374,Pune,24-11-2022
U0000375,Mumbai,18-11-2021
U0000376,Bengaluru,26-09-2022
U0000377,Kanpur,03-01-2022
U0000378,Mumbai,15-11-2022
U0000379,Lucknow,04-07-2022
U0000380,Bengaluru,30-11-2022
U0000381,Mumbai,17-12-2022
U0000382,Ahmedabad,01-01-2021
U0000383,Kolkata,31-12-2022
U0000384,Nagpur,24-07-2022
U0000385,Ahmedabad,30-12-2022
U0000386,Surat,10-08-2022
U0000387,Bengaluru,14-12-2022
U0000388,Delhi,29-03-2022
U0000389,Jaipur,31-10-2022
U0000390,Surat,18-10-2022
U0000391,Agra,10-11-2022
U0000392,Hyderabad,11-12-2022
U0000393,Bengaluru,30-08-2022
U0000394,Jaipur,17-09-2022
U0000395,Bengaluru,15-08-2022
U0000396,Visakhapatnam,09-07-2022
U0000397,Kanpur,16-12-2022
U0000398,Hyderabad,27-09-2022
U0000399,Jaipur,24-07-2022
U0000400,Jaipur,23-10-2022
U0000401,Mumbai,24-11-2022
U0000402,Bhopal,18-07-2022
U0000403,Chennai,18-05-2022
U0000404,Lucknow,27-04-2022
U0000405,Bengaluru,23-10-2022
U0000406,Indore,14-12-2022
U0000407,Bengaluru,14-10-2021
U0000408,Mumbai,06-06-2022
U0000409,Bhopal,17-07-2021
U0000410,Mumbai,04-12-2022
U0000411,Bengaluru,23-06-2022
U0000412,Patna,23-11-2022
U0000413,Patna,04-01-2022
U0000414,Kolkata,23-08-2022
U0000415,Pune,18-08-2022
U0000416,Hyderabad,08-09-2021
U0000417,Bengaluru,28-10-2022
U0000418,Bengaluru,12-07-2022
U0000419,Pune,04-12-2022
U0000420,Jaipur,12-10-2022
U0000421,Surat,24-11-2022
U0000422,Surat,22-11-2022
U0000423,Mumbai,21-06-2022
U0000424,Chennai,02-11-2022
U0000425,Mumbai,10-11-2022
U0000426,Chennai,10-03-2022
U0000427,Hyderabad,08-09-2022
U0000428,Indore,07-10-2022
U0000429,Bengaluru,04-03-2022
U0000430,Mumbai,03-09-2022
U0000431,Delhi,04-03-2022
U0000432,Jaipur,24-10-2022
U0000433,Kolkata,23-05-2021
U0000434,Mumbai,25-09-2021
U0000435,Mumbai,23-02-2022
U0000436,Ahmedabad,19-11-2022
U0000437,Mumbai,12-05-2022
U0000438,Lucknow,01-03-2022
U0000439,Ahmedabad,12-10-2022
U0000440,Mumbai,05-12-2022
U0000441,Mumbai,06-11-2022
U0000442,Vadodara,27-07-2022
U0000443,Bengaluru,10-11-2022
U0000444,Bengaluru,20-06-2022
U0000445,Lucknow,04-10-2022
U0000446,Patna,16-11-2022
U0000447,Vadodara,15-07-2022
U0000448,Jaipur,19-12-2022
U0000449,Bengaluru,09-07-2022
U0000450,Mumbai,13-03-2021
U0000451,Jaipur,23-05-2022
U0000452,Chennai,22-10-2022
U0000453,Hyderabad,11-11-2021
U0000454,Bhopal,19-08-2022
U0000455,Mumbai,19-08-2022
U0000456,Chennai,08-10-2022
U0000457,Mumbai,23-12-2022
U0000458,Hyderabad,06-11-2022
U0000459,Mumbai,01-03-2022
U0000460,Mumbai,08-11-2022
U0000461,Mumbai,28-09-2022
U0000462,Pune,05-07-2022
U0000463,Jaipur,03-11-2022
U0000464,Kolkata,07-03-2022
U0000465,Coimbatore,15-11-2021
U0000466,Bengaluru,21-12-2022
U0000467,Bengaluru,01-08-2022
U0000468,Nagpur,16-10-2022
U0000469,Delhi,09-08-2022
U0000470,Coimbatore,12-08-2022
U0000471,Mumbai,31-12-2022
U0000472,Coimbatore,27-06-2022
U0000473,Mumbai,19-11-2022
U0000474,Indore,07-08-2022
U0000475,Chennai,21-11-2021
U0000476,Agra,24-11-2022
U0000477,Mumbai,06-11-2022
U0000478,Chennai,21-12-2022
U0000479,Coimbatore,02-09-2022
U0000480,Chennai,30-12-2021
U0000481,Kolkata,13-08-2022
U0000482,Ahmedabad,15-10-2022
U0000483,Hyderabad,02-11-2021
U0000484,Kolkata,18-08-2022
U0000485,Kolkata,18-03-2021
U0000486,Bhopal,27-04-2022
U0000487,Mumbai,22-10-2021
U0000488,Bengaluru,27-06-2022
U0000489,Patna,01-01-2021
U0000490,Indore,20-08-2022
U0000491,Hyderabad,01-07-2022
U0000492,Kolkata,07-12-2022
U0000493,Bengaluru,23-08-2021
U0000494,Delhi,20-10-2022
U0000495,Hyderabad,19-06-2022
U0000496,Bengaluru,13-10-2022
U0000497,Kolkata,08-12-2021
U0000498,Mumbai,11-12-2022
U0000499,Coimbatore,10-11-2021
U0000500,Vadodara,09-07-2022
U0000501,Ahmedabad,16-06-2021
U0000502,Chennai,28-08-2022
U0000503,Bengaluru,01-09-2022
U0000504,Lucknow,14-10-2022
U0000505,Pune,22-10-2022
U0000506,Delhi,09-12-2022
U0000507,Bhopal,22-10-2022
U0000508,Lucknow,16-07-2022
U0000509,Patna,17-12-2022
U0000510,Ahmedabad,25-11-2022
U0000511,Kolkata,13-01-2022
U0000512,Hyderabad,15-12-2022
U0000513,Visakhapatnam,13-11-2022
U0000514,Nagpur,01-01-2023
U0000515,Mumbai,18-05-2022
U0000516,Mumbai,24-01-2022
U0000517,Bengaluru,17-12-2021
U0000518,Lucknow,13-11-2021
U0000519,Vadodara,30-09-2022
U0000520,Delhi,07-08-2022
U0000521,Kolkata,12-06-2022
U0000522,Bengaluru,16-10-2021
U0000523,Coimbatore,21-03-2022
U0000524,Kanpur,03-09-2022
U0000525,Lucknow,26-08-2022
U0000526,Hyderabad,20-10-2022
U0000527,Hyderabad,30-12-2022
U0000528,Bengaluru,04-12-2022
U0000529,Mumbai,21-10-2022
U0000530,Nagpur,18-07-2022
U0000531,Lucknow,21-05-2022
U0000532,Agra,29-11-2021
U0000533,Agra,09-08-2022
U0000534,Chennai,03-10-2022
U0000535,Jaipur,04-06-2022
U0000536,Patna,04-10-2022
U0000537,Kanpur,12-12-2022
U0000538,Delhi,01-01-2023
U0000539,Hyderabad,25-05-2022
U0000540,Mumbai,15-11-2021
U0000541,Patna,11-06-2022
U0000542,Kolkata,27-12-2022
U0000543,Delhi,18-11-2022
U0000544,Pune,24-07-2021
U0000545,Kolkata,24-05-2022
U0000546,Bengaluru,06-05-2022
U0000547,Mumbai,12-03-2022
U0000548,Pune,20-10-2021
U0000549,Chennai,19-09-2022
U0000550,Jaipur,22-09-2022
U0000551,Chennai,28-12-2022
U0000552,Kanpur,21-08-2021
U0000553,Chennai,07-12-2022
U0000554,Kolkata,16-09-2022
U0000555,Nagpur,21-07-2022
U0000556,Hyderabad,01-01-2021
U0000557,Mumbai,02-10-2022
U0000558,Mumbai,17-06-2022
U0000559,Jaipur,01-07-2021
U0000560,Kolkata,02-08-2022
U0000561,Ahmedabad,17-08-2022
U0000562,Delhi,01-08-2022
U0000563,Mumbai,01-03-2022
U0000564,Mumbai,25-12-2022
U0000565,Bengaluru,20-04-2022
U0000566,Kolkata,28-11-2022
U0000567,Hyderabad,14-04-2022
U0000568,Hyderabad,18-03-2022
U0000569,Bhopal,08-07-2022
U0000570,Bengaluru,19-09-2022
U0000571,Chennai,09-05-2022
U0000572,Surat,29-12-2022
U0000573,Hyderabad,27-06-2022
U0000574,Kolkata,15-11-2022
U0000575,Nagpur,21-06-2022
U0000576,Patna,06-12-2022
U0000577,Delhi,27-11-2022
U0000578,Visakhapatnam,15-09-2022
U0000579,Chennai,19-08-2022
U0000580,Delhi,27-09-2022
U0000581,Hyderabad,16-07-2022
U0000582,Vadodara,23-12-2022
U0000583,Chennai,24-11-2022
U0000584,Bengaluru,01-01-2023
U0000585,Pune,04-08-2022
U0000586,Delhi,04-06-2022
U0000587,Mumbai,05-09-2022
U0000588,Mumbai,12-09-2022
U0000589,Mumbai,24-09-2022
U0000590,Delhi,20-10-2022
U0000591,Mumbai,26-07-2022
U0000592,Pune,31-12-2022
U0000593,Delhi,23-07-2022
U0000594,Bengaluru,02-09-2022
U0000595,Indore,09-07-2022
U0000596,Hyderabad,20-01-2022
U0000597,Pune,18-02-2022
U0000598,Delhi,11-03-2022
U0000599,Delhi,28-09-2022
U0000600,Mumbai,05-10-2022
U0000601,Delhi,21-11-2022
U0000602,Bengaluru,27-12-2022
U0000603,Delhi,28-08-2022
U0000604,Mumbai,11-03-2021
U0000605,Mumbai,25-04-2022
U0000606,Hyderabad,12-08-2022
U0000607,Delhi,30-10-2022
U0000608,Bengaluru,09-12-2022
U0000609,Chennai,07-11-2022
U0000610,Ahmedabad,17-08-2022
U0000611,Mumbai,09-07-2022
U0000612,Surat,11-10-2022
U0000613,Kolkata,13-12-2022
U0000614,Mumbai,08-11-2022
U0000615,Nagpur,09-11-2022
U0000616,Visakhapatnam,17-08-2022
U0000617,Mumbai,13-12-2022
U0000618,Bengaluru,01-11-2022
U0000619,Surat,18-10-2022
U0000620,Jaipur,20-08-2022
U0000621,Delhi,30-10-2022
U0000622,Delhi,03-12-2022
U0000623,Bengaluru,28-12-2022
U0000624,Chennai,28-11-2022
U0000625,Kolkata,22-02-2022
U0000626,Bengaluru,16-10-2022
U0000627,Hyderabad,15-08-2022
U0000628,Jaipur,02-09-2022
U0000629,Mumbai,04-11-2022
U0000630,Delhi,02-02-2022
U0000631,Ahmedabad,17-08-2021
U0000632,Indore,20-11-2022
U0000633,Chennai,11-03-2022
U0000634,Chennai,23-04-2022
U0000635,Mumbai,08-02-2022
U0000636,Hyderabad,29-09-2022
U0000637,Chennai,07-06-2022
U0000638,Delhi,25-11-2022
U0000639,Delhi,21-04-2021
U0000640,Bengaluru,16-05-2022
U0000641,Mumbai,18-12-2022
U0000642,Bengaluru,19-12-2021
U0000643,Delhi,05-06-2021
U0000644,Bengaluru,20-10-2022
U0000645,Mumbai,15-08-2022
U0000646,Indore,01-01-2021
U0000647,Kolkata,16-09-2022
U0000648,Pune,18-06-2022
U0000649,Surat,15-09-2022
U0000650,Chennai,18-12-2022
U0000651,Mumbai,26-08-2022
U0000652,Chennai,20-02-2022
U0000653,Kolkata,25-12-2022
U0000654,Jaipur,19-09-2022
U0000655,Hyderabad,25-02-2022
U0000656,Mumbai,15-10-2022
U0000657,Bengaluru,18-02-2021
U0000658,Bengaluru,07-10-2022
U0000659,Pune,01-04-2022
U0000660,Kolkata,12-11-2022
U0000661,Bengaluru,21-10-2022
U0000662,Vadodara,17-05-2022
U0000663,Kolkata,22-12-2022
U0000664,Delhi,15-12-2022
U0000665,Mumbai,07-11-2022
U0000666,Delhi,11-11-2022
U0000667,Delhi,20-12-2022
U0000668,Delhi,30-03-2021
U0000669,Delhi,31-10-2022
U0000670,Bengaluru,16-05-2022
U0000671,Delhi,04-10-2022
U0000672,Indore,01-01-2021
U0000673,Mumbai,05-12-2022
U0000674,Chennai,09-10-2022
U0000675,Hyderabad,22-09-2022
U0000676,Vadodara,19-05-2022
U0000677,Mumbai,31-08-2022
U0000678,Hyderabad,27-04-2022
U0000679,Coimbatore,04-02-2022
U0000680,Nagpur,01-11-2022
U0000681,Lucknow,14-03-2022
U0000682,Delhi,02-09-2022
U0000683,Delhi,18-12-2022
U0000684,Pune,30-10-2022
U0000685,Visakhapatnam,15-03-2022
U0000686,Chennai,05-10-2022
U0000687,Kolkata,15-12-2022
U0000688,Bengaluru,02-07-2022
U0000689,Jaipur,25-01-2022
U0000690,Delhi,07-12-2022
U0000691,Bengaluru,14-08-2022
U0000692,Hyderabad,21-11-2022
U0000693,Chennai,19-10-2022
U0000694,Delhi,27-09-2022
U0000695,Mumbai,01-01-2023
U0000696,Kolkata,14-10-2022
U0000697,Bengaluru,27-10-2022
U0000698,Kolkata,17-06-2022
U0000699,Delhi,16-12-2021
U0000700,Chennai,12-12-2022
U0000701,Chennai,05-09-2022
U0000702,Mumbai,04-11-2022
U0000703,Bengaluru,01-01-2021
U0000704,Mumbai,04-04-2022
U0000705,Mumbai,10-12-2022
U0000706,Vadodara,11-10-2022
U0000707,Bengaluru,11-12-2022
U0000708,Surat,29-03-2022
U0000709,Delhi,03-09-2022
U0000710,Pune,28-06-2022
U0000711,Jaipur,01-08-2022
U0000712,Kolkata,26-11-2022
U0000713,Hyderabad,30-12-2022
U0000714,Hyderabad,30-12-2021
U0000715,Bengaluru,15-12-2022
U0000716,Visakhapatnam,25-03-2022
U0000717,Lucknow,24-11-2022
U0000718,Coimbatore,22-01-2022
U0000719,Mumbai,23-07-2022
U0000720,Ahmedabad,02-10-2022
U0000721,Visakhapatnam,22-06-2022
U0000722,Delhi,05-11-2022
U0000723,Mumbai,26-09-2022
U0000724,Jaipur,23-02-2022
U0000725,Kolkata,31-12-2022
U0000726,Kanpur,15-11-2022
U0000727,Mumbai,03-05-2022
U0000728,Surat,18-05-2022
U0000729,Delhi,30-11-2022
U0000730,Delhi,01-01-2021
U0000731,Delhi,12-06-2022
U0000732,Lucknow,10-10-2022
U0000733,Pune,16-10-2022
U0000734,Chennai,21-08-2022
U0000735,Bengaluru,26-12-2022
U0000736,Nagpur,21-05-2022
U0000737,Hyderabad,20-12-2022
U0000738,Lucknow,25-06-2022
U0000739,Hyderabad,16-03-2022
U0000740,Bengaluru,03-11-2021
U0000741,Hyderabad,04-12-2022
U0000742,Bengaluru,30-04-2022
U0000743,Jaipur,01-01-2021
U0000744,Chennai,20-12-2022
U0000745,Delhi,27-12-2022
U0000746,Indore,20-11-2022
U0000747,Bengaluru,21-11-2022
U0000748,Chennai,24-10-2022
U0000749,Bhopal,26-09-2021
U0000750,Kolkata,09-06-2022
U0000751,Mumbai,31-12-2022
U0000752,Visakhapatnam,31-08-2022
U0000753,Kolkata,22-12-2021
U0000754,Bengaluru,17-08-2022
U0000755,Mumbai,24-11-2022
U0000756,Surat,26-06-2021
U0000757,Kolkata,27-10-2022
U0000758,Chennai,16-10-2022
U0000759,Indore,14-10-2022
U0000760,Surat,03-10-2022
U0000761,Delhi,24-05-2022
U0000762,Bengaluru,26-10-2022
U0000763,Delhi,11-09-2022
U0000764,Jaipur,07-11-2022
U0000765,Mumbai,27-08-2022
U0000766,Kolkata,21-07-2021
U0000767,Jaipur,01-11-2022
U0000768,Nagpur,02-03-2022
U0000769,Bengaluru,18-11-2022
U0000770,Lucknow,04-12-2022
U0000771,Mumbai,15-12-2022
U0000772,Kanpur,29-01-2021
U0000773,Mumbai,02-08-2022
U0000774,Hyderabad,25-08-2022
U0000775,Surat,31-12-2022
U0000776,Delhi,04-09-2022
U0000777,Delhi,20-06-2022
U0000778,Ahmedabad,29-09-2022
U0000779,Ahmedabad,08-12-2022
U0000780,Pune,06-11-2022
U0000781,Ahmedabad,21-05-2022
U0000782,Chennai,07-09-2022
U0000783,Delhi,06-09-2022
U0000784,Bengaluru,25-12-2022
U0000785,Delhi,19-08-2022
U0000786,Bhopal,24-09-2022
U0000787,Kolkata,16-12-2021
U0000788,Hyderabad,07-10-2022
U0000789,Hyderabad,16-07-2022
U0000790,Patna,25-08-2021
U0000791,Delhi,04-08-2022
U0000792,Kolkata,27-12-2022
U0000793,Chennai,13-12-2022
U0000794,Kolkata,28-04-2021
U0000795,Mumbai,10-08-2022
U0000796,Nagpur,25-11-2022
U0000797,Visakhapatnam,04-08-2022
U0000798,Kolkata,12-06-2021
U0000799,Ahmedabad,24-12-2022
U0000800,Visakhapatnam,20-08-2022
U0000801,Ahmedabad,06-12-2022
U0000802,Delhi,17-09-2022
U0000803,Kolkata,24-06-2022
U0000804,Kolkata,13-09-2022
U0000805,Hyderabad,19-05-2021
U0000806,Ahmedabad,27-07-2022
U0000807,Visakhapatnam,15-05-2021
U0000808,Visakhapatnam,26-10-2022
U0000809,Hyderabad,29-12-2022
U0000810,Mumbai,02-12-2022
U0000811,Vadodara,19-12-2022
U0000812,Lucknow,05-05-2022
U0000813,Mumbai,25-11-2022
U0000814,Visakhapatnam,22-04-2022
U0000815,Nagpur,16-08-2022
U0000816,Chennai,19-11-2022
U0000817,Kolkata,14-07-2022
U0000818,Hyderabad,30-12-2022
U0000819,Mumbai,20-10-2022
U0000820,Bengaluru,31-03-2022
U0000821,Surat,28-04-2022
U0000822,Mumbai,26-03-2022
U0000823,Bengaluru,26-07-2022
U0000824,Hyderabad,01-08-2022
U0000825,Chennai,29-09-2022
U0000826,Bhopal,16-07-2021
U0000827,Bengaluru,13-07-2021
U0000828,Bengaluru,31-12-2022
U0000829,Ahmedabad,22-05-2021
U0000830,Hyderabad,30-12-2021
U0000831,Delhi,18-07-2022
U0000832,Hyderabad,23-10-2022
U0000833,Delhi,25-09-2022
U0000834,Delhi,27-01-2022
U0000835,Chennai,04-12-2022
U0000836,Hyderabad,11-07-2022
U0000837,Bhopal,15-11-2022
U0000838,Bengaluru,08-10-2022
U0000839,Kolkata,01-01-2023
U0000840,Pune,14-04-2021
U0000841,Mumbai,12-12-2022
U0000842,Pune,17-04-2022
U0000843,Delhi,06-08-2022
U0000844,Coimbatore,19-02-2022
U0000845,Delhi,24-08-2022
U0000846,Hyderabad,01-01-2021
U0000847,Mumbai,17-07-2022
U0000848,Agra,13-07-2022
U0000849,Chennai,02-10-2021
U0000850,Kolkata,09-11-2022
U0000851,Mumbai,12-10-2022
U0000852,Jaipur,19-06-2022
U0000853,Delhi,05-12-2022
U0000854,Indore,09-03-2022
U0000855,Delhi,24-07-2022
U0000856,Delhi,23-04-2022
U0000857,Mumbai,01-01-2021
U0000858,Hyderabad,23-02-2021
U0000859,Kolkata,17-09-2022
U0000860,Mumbai,03-11-2022
U0000861,Jaipur,04-07-2022
U0000862,Hyderabad,23-05-2022
U0000863,Chennai,31-10-2022
U0000864,Hyderabad,03-11-2022
U0000865,Hyderabad,19-11-2022
U0000866,Chennai,26-10-2021
U0000867,Delhi,13-12-2022
U0000868,Delhi,12-11-2022
U0000869,Nagpur,09-07-2022
U0000870,Patna,10-09-2022
U0000871,Bengaluru,09-12-2022
U0000872,Bengaluru,01-11-2022
U0000873,Pune,29-09-2022
U0000874,Hyderabad,07-06-2021
U0000875,Mumbai,03-10-2022
U0000876,Delhi,10-12-2022
U0000877,Ahmedabad,27-03-2021
U0000878,Pune,21-09-2022
U0000879,Mumbai,05-12-2022
U0000880,Delhi,16-07-2022
U0000881,Delhi,10-03-2022
U0000882,Pune,23-05-2022
U0000883,Mumbai,26-10-2022
U0000884,Mumbai,13-11-2022
U0000885,Surat,11-12-2021
U0000886,Delhi,24-11-2022
U0000887,Pune,22-04-2022
U0000888,Delhi,28-12-2022
U0000889,Mumbai,26-09-2022
U0000890,Delhi,01-01-2021
U0000891,Ahmedabad,05-07-2022
U0000892,Kanpur,27-10-2022
U0000893,Lucknow,30-05-2022
U0000894,Hyderabad,15-10-2022
U0000895,Pune,17-08-2021
U0000896,Delhi,14-11-2022
U0000897,Bengaluru,24-10-2022
U0000898,Indore,05-06-2022
U0000899,Mumbai,22-03-2022
U0000900,Mumbai,31-07-2022
U0000901,Delhi,01-11-2022
U0000902,Mumbai,01-08-2022
U0000903,Delhi,18-11-2022
U0000904,Kolkata,22-12-2022
U0000905,Hyderabad,05-10-2021
U0000906,Indore,05-09-2022
U0000907,Lucknow,06-09-2022
U0000908,Bengaluru,01-05-2022
U0000909,Delhi,07-08-2022
U0000910,Bengaluru,14-09-2022
U0000911,Kolkata,23-03-2022
U0000912,Delhi,08-09-2022
U0000913,Kolkata,20-10-2021
U0000914,Hyderabad,28-10-2022
U0000915,Chennai,26-12-2022
U0000916,Hyderabad,03-12-2022
U0000917,Bengaluru,28-02-2022
U0000918,Patna,19-09-2021
U0000919,Jaipur,18-12-2022
U0000920,Delhi,28-10-2021
U0000921,Nagpur,02-08-2021
U0000922,Chennai,24-04-2022
U0000923,Indore,19-04-2022
U0000924,Surat,01-01-2023
U0000925,Hyderabad,17-11-2022
U0000926,Mumbai,19-11-2022
U0000927,Delhi,29-07-2022
U0000928,Chennai,23-06-2022
U0000929,Pune,10-11-2021
U0000930,Delhi,03-09-2022
U0000931,Mumbai,29-08-2022
U0000932,Lucknow,22-12-2022
U0000933,Vadodara,01-01-2021
U0000934,Chennai,26-07-2021
U0000935,Delhi,19-12-2022
U0000936,Bengaluru,08-08-2022
U0000937,Mumbai,17-10-2022
U0000938,Bhopal,23-09-2022
U0000939,Mumbai,26-06-2022
U0000940,Kolkata,26-09-2022
U0000941,Bengaluru,31-08-2022
U0000942,Chennai,05-11-2022
U0000943,Pune,17-12-2022
U0000944,Lucknow,23-04-2022
U0000945,Delhi,08-10-2022
U0000946,Mumbai,06-12-2021
U0000947,Mumbai,28-07-2021
U0000948,Bhopal,16-12-2022
U0000949,Nagpur,08-06-2022
U0000950,Kolkata,27-02-2022
U0000951,Kolkata,28-06-2022
U0000952,Pune,22-10-2022
U0000953,Delhi,02-11-2022
U0000954,Bhopal,12-09-2022
U0000955,Hyderabad,09-11-2022
U0000956,Bengaluru,21-11-2021
U0000957,Chennai,23-12-2022
U0000958,Mumbai,11-12-2022
U0000959,Delhi,18-07-2022
U0000960,Ahmedabad,22-06-2022
U0000961,Mumbai,07-05-2022
U0000962,Kolkata,04-11-2022
U0000963,Delhi,31-10-2022
U0000964,Bengaluru,27-09-2022
U0000965,Bengaluru,14-11-2022
U0000966,Bengaluru,08-10-2022
U0000967,Ahmedabad,01-06-2022
U0000968,Bengaluru,30-08-2022
U0000969,Kolkata,30-04-2021
U0000970,Hyderabad,30-07-2022
U0000971,Pune,22-10-2022
U0000972,Visakhapatnam,26-11-2022
U0000973,Ahmedabad,18-11-2022
U0000974,Delhi,30-12-2022
U0000975,Mumbai,18-09-2022
U0000976,Delhi,01-06-2021
U0000977,Kolkata,06-04-2022
U0000978,Mumbai,29-10-2022
U0000979,Chennai,19-03-2022
U0000980,Kolkata,05-09-2021
U0000981,Bengaluru,14-06-2022
U0000982,Jaipur,25-08-2022
U0000983,Mumbai,06-12-2022
U0000984,Mumbai,18-12-2022
U0000985,Ahmedabad,18-11-2022
U0000986,Chennai,20-06-2022
U0000987,Pune,02-12-2022
U0000988,Hyderabad,17-08-2022
U0000989,Delhi,20-09-2022
U0000990,Lucknow,07-07-2022
U0000991,Surat,23-12-2022
U0000992,Ahmedabad,25-01-2021
U0000993,Bengaluru,05-06-2022
U0000994,Kolkata,16-05-2022
U0000995,Bengaluru,30-12-2022
U0000996,Mumbai,18-12-2022
U0000997,Bhopal,06-06-2022
U0000998,Mumbai,12-12-2022
U0000999,Patna,21-11-2021
